year;date;count;total_count;ratio;day_index
2016;26/12/2015;0;2413;0.0;1
2016;27/12/2015;0;2616;0.0;2
2016;28/12/2015;0;3609;0.0;3
2016;29/12/2015;0;3894;0.0;4
2016;30/12/2015;0;3976;0.0;5
2016;31/12/2015;0;3533;0.0;6
2016;01/01/2016;0;2730;0.0;7
2016;02/01/2016;0;2561;0.0;8
2016;03/01/2016;0;2627;0.0;9
2016;04/01/2016;1;4557;0.0002194426157559;10
2016;05/01/2016;1;5037;0.0001985308715505;11
2016;06/01/2016;0;5087;0.0;12
2016;07/01/2016;0;5130;0.0;13
2016;08/01/2016;0;5212;0.0;14
2016;09/01/2016;0;3660;0.0;15
2016;10/01/2016;0;3347;0.0;16
2016;11/01/2016;0;5244;0.0;17
2016;12/01/2016;0;5390;0.0;18
2016;13/01/2016;0;5397;0.0;19
2016;14/01/2016;0;5522;0.0;20
2016;15/01/2016;0;5418;0.0;21
2016;16/01/2016;0;3640;0.0;22
2016;17/01/2016;0;3360;0.0;23
2016;18/01/2016;0;5117;0.0;24
2016;19/01/2016;0;5645;0.0;25
2016;20/01/2016;0;5440;0.0;26
2016;21/01/2016;0;5557;0.0;27
2016;22/01/2016;0;5706;0.0;28
2016;23/01/2016;0;3633;0.0;29
2016;24/01/2016;0;3408;0.0;30
2016;25/01/2016;0;5433;0.0;31
2016;26/01/2016;0;5511;0.0;32
2016;27/01/2016;0;6050;0.0;33
2016;28/01/2016;0;5783;0.0;34
2016;29/01/2016;0;5850;0.0;35
2016;30/01/2016;0;3655;0.0;36
2016;31/01/2016;0;3401;0.0;37
2016;01/02/2016;0;5543;0.0;38
2016;02/02/2016;0;5652;0.0;39
2016;03/02/2016;0;5908;0.0;40
2016;04/02/2016;0;5654;0.0;41
2016;05/02/2016;0;5796;0.0;42
2016;06/02/2016;0;3763;0.0;43
2017;26/12/2016;0;2948;0.0;1
2017;27/12/2016;0;3089;0.0;2
2017;28/12/2016;0;3340;0.0;3
2017;29/12/2016;0;3471;0.0;4
2017;30/12/2016;0;3374;0.0;5
2017;31/12/2016;0;2099;0.0;6
2017;01/01/2017;1;3312;0.0003019323671497;7
2017;02/01/2017;0;3856;0.0;8
2017;03/01/2017;0;4471;0.0;9
2017;04/01/2017;0;4748;0.0;10
2017;05/01/2017;0;4694;0.0;11
2017;06/01/2017;0;4939;0.0;12
2017;07/01/2017;0;3179;0.0;13
2017;08/01/2017;0;3069;0.0;14
2017;09/01/2017;0;4951;0.0;15
2017;10/01/2017;0;5156;0.0;16
2017;11/01/2017;0;5361;0.0;17
2017;12/01/2017;0;5336;0.0;18
2017;13/01/2017;0;5474;0.0;19
2017;14/01/2017;0;3346;0.0;20
2017;15/01/2017;0;3191;0.0;21
2017;16/01/2017;0;4970;0.0;22
2017;17/01/2017;0;5288;0.0;23
2017;18/01/2017;0;5381;0.0;24
2017;19/01/2017;0;5313;0.0;25
2017;20/01/2017;0;5507;0.0;26
2017;21/01/2017;0;3472;0.0;27
2017;22/01/2017;0;3785;0.0;28
2017;23/01/2017;0;4954;0.0;29
2017;24/01/2017;0;6013;0.0;30
2017;25/01/2017;0;5342;0.0;31
2017;26/01/2017;0;5291;0.0;32
2017;27/01/2017;0;5129;0.0;33
2017;28/01/2017;0;3251;0.0;34
2017;29/01/2017;0;3822;0.0;35
2017;30/01/2017;0;4953;0.0;36
2017;31/01/2017;0;5208;0.0;37
2017;01/02/2017;0;5364;0.0;38
2017;02/02/2017;0;4963;0.0;39
2017;03/02/2017;0;5313;0.0;40
2017;04/02/2017;0;3110;0.0;41
2017;05/02/2017;1;3062;0.0003265839320705;42
2017;06/02/2017;0;4777;0.0;43
2018;26/12/2017;0;4098;0.0;1
2018;27/12/2017;0;4709;0.0;2
2018;28/12/2017;0;4458;0.0;3
2018;29/12/2017;0;4561;0.0;4
2018;30/12/2017;0;2250;0.0;5
2018;31/12/2017;0;2206;0.0;6
2018;01/01/2018;0;4362;0.0;7
2018;02/01/2018;0;4576;0.0;8
2018;03/01/2018;0;5117;0.0;9
2018;04/01/2018;0;5574;0.0;10
2018;05/01/2018;0;5695;0.0;11
2018;06/01/2018;0;3918;0.0;12
2018;07/01/2018;3;3577;0.0008386916410399;13
2018;08/01/2018;1;5980;0.0001672240802675;14
2018;09/01/2018;0;6059;0.0;15
2018;10/01/2018;0;5669;0.0;16
2018;11/01/2018;0;6217;0.0;17
2018;12/01/2018;0;6233;0.0;18
2018;13/01/2018;0;4396;0.0;19
2018;14/01/2018;0;4301;0.0;20
2018;15/01/2018;1;6324;0.0001581277672359;21
2018;16/01/2018;0;6514;0.0;22
2018;17/01/2018;0;6591;0.0;23
2018;18/01/2018;0;6106;0.0;24
2018;19/01/2018;0;5622;0.0;25
2018;20/01/2018;0;3944;0.0;26
2018;21/01/2018;0;3667;0.0;27
2018;22/01/2018;0;5801;0.0;28
2018;23/01/2018;0;6082;0.0;29
2018;24/01/2018;0;6034;0.0;30
2018;25/01/2018;0;5688;0.0;31
2018;26/01/2018;0;5854;0.0;32
2018;27/01/2018;0;4159;0.0;33
2018;28/01/2018;0;3812;0.0;34
2018;29/01/2018;0;5651;0.0;35
2018;30/01/2018;0;6480;0.0;36
2018;31/01/2018;0;6275;0.0;37
2018;01/02/2018;0;6128;0.0;38
2018;02/02/2018;0;6170;0.0;39
2018;03/02/2018;0;3981;0.0;40
2018;04/02/2018;0;3852;0.0;41
2018;05/02/2018;0;5713;0.0;42
2018;06/02/2018;0;6241;0.0;43
2019;26/12/2018;0;4339;0.0;1
2019;27/12/2018;0;4910;0.0;2
2019;28/12/2018;0;5180;0.0;3
2019;29/12/2018;0;3870;0.0;4
2019;30/12/2018;1;3374;0.0002963841138114;5
2019;31/12/2018;5;4499;0.0011113580795732;6
2019;01/01/2019;2;3618;0.0005527915975677;7
2019;02/01/2019;22;5298;0.0041525103812759;8
2019;03/01/2019;35;6040;0.0057947019867549;9
2019;04/01/2019;12;5975;0.0020083682008368;10
2019;05/01/2019;6;4483;0.0013383894713361;11
2019;06/01/2019;1;4286;0.0002333177788147;12
2019;07/01/2019;4;6842;0.0005846243788365;13
2019;08/01/2019;6;6858;0.0008748906386701;14
2019;09/01/2019;5;7061;0.0007081149978756;15
2019;10/01/2019;0;1056;0.0;16
2019;11/01/2019;0;1831;0.0;17
2019;12/01/2019;1;4655;0.0002148227712137;18
2019;13/01/2019;0;4383;0.0;19
2019;14/01/2019;0;6818;0.0;20
2019;15/01/2019;2;7147;0.0002798376941374;21
2019;16/01/2019;0;1366;0.0;22
2019;17/01/2019;4;6834;0.0005853087503658;23
2019;18/01/2019;0;7212;0.0;24
2019;19/01/2019;0;4797;0.0;25
2019;20/01/2019;0;4641;0.0;26
2019;21/01/2019;0;6822;0.0;27
2019;22/01/2019;2;7246;0.0002760143527463;28
2019;23/01/2019;1;6915;0.0001446131597975;29
2019;24/01/2019;0;6548;0.0;30
2019;25/01/2019;1;7108;0.0001406865503657;31
2019;26/01/2019;0;4656;0.0;32
2019;27/01/2019;1;4446;0.0002249212775528;33
2019;28/01/2019;0;6419;0.0;34
2019;29/01/2019;1;6774;0.0001476232654266;35
2019;30/01/2019;2;6940;0.0002881844380403;36
2019;31/01/2019;4;6721;0.0005951495313197;37
2019;01/02/2019;2;6870;0.0002911208151382;38
2019;02/02/2019;1;4592;0.0002177700348432;39
2019;03/02/2019;1;3765;0.0002656042496679;40
2019;04/02/2019;1;5033;0.0001986886548778;41
2019;05/02/2019;0;6450;0.0;42
2019;06/02/2019;1;6723;0.0001487431206306;43
2020;26/12/2019;2;4615;0.0004333694474539;1
2020;27/12/2019;1;4693;0.0002130833155763;2
2020;28/12/2019;0;3498;0.0;3
2020;29/12/2019;10;3257;0.0030703101013202;4
2020;30/12/2019;10;4583;0.0021819768710451;5
2020;31/12/2019;7;4275;0.0016374269005847;6
2020;01/01/2020;35;3232;0.010829207920792;7
2020;02/01/2020;13;4737;0.0027443529660122;8
2020;03/01/2020;19;5293;0.0035896467031928;9
2020;04/01/2020;2;3742;0.0005344735435595;10
2020;05/01/2020;5;3953;0.0012648621300278;11
2020;06/01/2020;8;6059;0.0013203498927215;12
2020;07/01/2020;9;6478;0.0013893176906452;13
2020;08/01/2020;10;6714;0.0014894250819183;14
2020;09/01/2020;10;6748;0.0014819205690574;15
2020;10/01/2020;10;6988;0.0014310246136233;16
2020;11/01/2020;4;4713;0.0008487163165711;17
2020;12/01/2020;5;4476;0.0011170688114387;18
2020;13/01/2020;9;6873;0.0013094718463553;19
2020;14/01/2020;32;7178;0.0044580663137364;20
2020;15/01/2020;11;7047;0.0015609479211011;21
2020;16/01/2020;8;6993;0.0011440011440011;22
2020;17/01/2020;6;7102;0.0008448324415657;23
2020;18/01/2020;2;4747;0.0004213187276174;24
2020;19/01/2020;2;4354;0.0004593477262287;25
2020;20/01/2020;3;6768;0.0004432624113475;26
2020;21/01/2020;9;7037;0.0012789540997584;27
2020;22/01/2020;3;7143;0.0004199916001679;28
2020;23/01/2020;2;7166;0.0002790957298353;29
2020;24/01/2020;2;7482;0.0002673082063619;30
2020;25/01/2020;2;4666;0.0004286326618088;31
2020;26/01/2020;1;4640;0.0002155172413793;32
2020;27/01/2020;1;7042;0.000142005112184;33
2020;28/01/2020;0;7382;0.0;34
2020;29/01/2020;2;7204;0.0002776235424764;35
2020;30/01/2020;2;7517;0.0002660635891978;36
2020;31/01/2020;15;6929;0.0021648145475537;37
2020;01/02/2020;10;4905;0.0020387359836901;38
2020;02/02/2020;1;4459;0.0002242655303879;39
2020;03/02/2020;3;6371;0.0004708836917281;40
2020;04/02/2020;10;6427;0.0015559358954411;41
2020;05/02/2020;2;6507;0.0003073613032119;42
2020;06/02/2020;1;6539;0.000152928582352;43
2021;26/12/2020;0;3527;0.0;1
2021;27/12/2020;0;3666;0.0;2
2021;28/12/2020;0;5350;0.0;3
2021;29/12/2020;2;5432;0.0003681885125184;4
2021;30/12/2020;0;5466;0.0;5
2021;31/12/2020;8;4997;0.0016009605763458;6
2021;01/01/2021;14;3529;0.0039671294984414;7
2021;02/01/2021;17;3621;0.0046948356807511;8
2021;03/01/2021;2;3649;0.0005480953685941;9
2021;04/01/2021;19;6343;0.0029954280309002;10
2021;05/01/2021;11;6628;0.0016596258298129;11
2021;06/01/2021;10;6744;0.0014827995255041;12
2021;07/01/2021;5;6800;0.000735294117647;13
2021;08/01/2021;10;6833;0.0014634860237084;14
2021;09/01/2021;2;4342;0.0004606172270842;15
2021;10/01/2021;1;3970;0.0002518891687657;16
2021;11/01/2021;2;6689;0.000298998355509;17
2021;12/01/2021;4;6681;0.0005987127675497;18
2021;13/01/2021;2;7036;0.0002842524161455;19
2021;14/01/2021;4;7209;0.0005548619780829;20
2021;15/01/2021;3;6899;0.0004348456298014;21
2021;16/01/2021;4;4432;0.0009025270758122;22
2021;17/01/2021;0;4153;0.0;23
2021;18/01/2021;2;6736;0.0002969121140142;24
2021;19/01/2021;0;7036;0.0;25
2021;20/01/2021;0;7085;0.0;26
2021;21/01/2021;2;7082;0.0002824060999717;27
2021;22/01/2021;6;7092;0.0008460236886632;28
2021;23/01/2021;2;4586;0.0004361098996947;29
2021;24/01/2021;0;4435;0.0;30
2021;25/01/2021;6;7072;0.0008484162895927;31
2021;26/01/2021;1;7205;0.0001387925052047;32
2021;27/01/2021;4;7440;0.0005376344086021;33
2021;28/01/2021;0;7317;0.0;34
2021;29/01/2021;4;7095;0.0005637773079633;35
2021;30/01/2021;1;4427;0.0002258866049243;36
2021;31/01/2021;1;1777;0.0005627462014631;37
2021;01/02/2021;1;5513;0.0001813894431344;38
2021;02/02/2021;1;7278;0.000137400384721;39
2021;03/02/2021;0;7236;0.0;40
2021;04/02/2021;1;7118;0.0001404889013767;41
2021;05/02/2021;3;7053;0.0004253509145044;42
2021;06/02/2021;0;4562;0.0;43
2022;26/12/2021;0;2947;0.0;1
2022;27/12/2021;1;5483;0.0001823819077147;2
2022;28/12/2021;8;5847;0.0013682230203523;3
2022;29/12/2021;3;5850;0.0005128205128205;4
2022;30/12/2021;7;5774;0.0012123311395912;5
2022;31/12/2021;5;4814;0.001038637307852;6
2022;01/01/2022;29;3425;0.0084671532846715;7
2022;02/01/2022;12;3763;0.0031889449906989;8
2022;03/01/2022;65;6643;0.009784735812133;9
2022;04/01/2022;20;7373;0.002712600027126;10
2022;05/01/2022;7;7345;0.0009530292716133;11
2022;06/01/2022;12;7565;0.0015862524785194;12
2022;07/01/2022;11;7696;0.0014293139293139;13
2022;08/01/2022;8;4546;0.0017597888253409;14
2022;09/01/2022;3;4701;0.0006381620931716;15
2022;10/01/2022;10;7588;0.0013178703215603;16
2022;11/01/2022;6;7721;0.0007771014117342;17
2022;12/01/2022;9;7707;0.0011677695601401;18
2022;13/01/2022;2;7927;0.0002523022581052;19
2022;14/01/2022;5;7910;0.0006321112515802;20
2022;15/01/2022;3;5128;0.000585023400936;21
2022;16/01/2022;1;5194;0.0001925298421255;22
2022;17/01/2022;3;7517;0.0003990953837967;23
2022;18/01/2022;3;7663;0.0003914915829309;24
2022;19/01/2022;4;7555;0.000529450694904;25
2022;20/01/2022;4;6775;0.000590405904059;26
2022;21/01/2022;1;6826;0.0001464986815118;27
2022;22/01/2022;4;4231;0.0009454029780193;28
2022;23/01/2022;1;4212;0.0002374169040835;29
2022;24/01/2022;1;6170;0.0001620745542949;30
2022;25/01/2022;1;6195;0.0001614205004035;31
2022;26/01/2022;2;6320;0.0003164556962025;32
2022;27/01/2022;1;7247;0.0001379881330205;33
2022;28/01/2022;1;7220;0.0001385041551246;34
2022;29/01/2022;0;4702;0.0;35
2022;30/01/2022;3;4719;0.0006357279084551;36
2022;31/01/2022;2;7036;0.0002842524161455;37
2022;01/02/2022;1;7164;0.0001395868230039;38
2022;02/02/2022;2;7224;0.0002768549280177;39
2022;03/02/2022;1;7232;0.0001382743362831;40
2022;04/02/2022;3;7300;0.0004109589041095;41
2022;05/02/2022;0;4794;0.0;42
2022;06/02/2022;1;4629;0.0002160293799956;43
2023;26/12/2022;1;5080;0.0001968503937007;1
2023;27/12/2022;15;5553;0.0027012425715829;2
2023;28/12/2022;8;5772;0.0013860013860013;3
2023;29/12/2022;7;6000;0.0011666666666666;4
2023;30/12/2022;7;5631;0.0012431184514295;5
2023;31/12/2022;4;3997;0.0010007505629221;6
2023;01/01/2023;39;3694;0.0105576610720086;7
2023;02/01/2023;112;6296;0.0177890724269377;8
2023;03/01/2023;127;7178;0.0176929506826414;9
2023;04/01/2023;26;7523;0.0034560680579556;10
2023;05/01/2023;19;7658;0.0024810655523635;11
2023;06/01/2023;25;7519;0.0033249102274238;12
2023;07/01/2023;13;4879;0.0026644804263168;13
2023;08/01/2023;5;4812;0.0010390689941812;14
2023;09/01/2023;27;7820;0.0034526854219948;15
2023;10/01/2023;5;8029;0.0006227425582264;16
2023;11/01/2023;6;8169;0.0007344840249724;17
2023;12/01/2023;5;8041;0.0006218132073125;18
2023;13/01/2023;3;8014;0.0003743448964312;19
2023;14/01/2023;5;5098;0.0009807767752059;20
2023;15/01/2023;13;5147;0.0025257431513503;21
2023;16/01/2023;9;7924;0.0011357900050479;22
2023;17/01/2023;8;8156;0.0009808729769494;23
2023;18/01/2023;3;8065;0.0003719776813391;24
2023;19/01/2023;1;7601;0.0001315616366267;25
2023;20/01/2023;2;8112;0.0002465483234714;26
2023;21/01/2023;2;5311;0.000376576915835;27
2023;22/01/2023;2;5164;0.0003872966692486;28
2023;23/01/2023;2;7832;0.0002553626149131;29
2023;24/01/2023;4;8324;0.0004805382027871;30
2023;25/01/2023;3;8272;0.0003626692456479;31
2023;26/01/2023;3;8179;0.00036679300648;32
2023;27/01/2023;3;8153;0.0003679627131117;33
2023;28/01/2023;3;5165;0.0005808325266214;34
2023;29/01/2023;5;5386;0.0009283327144448;35
2023;30/01/2023;6;8074;0.0007431260837255;36
2023;31/01/2023;8;7602;0.0010523546435148;37
2023;01/02/2023;6;8597;0.0006979178783296;38
2023;02/02/2023;3;8164;0.0003674669279764;39
2023;03/02/2023;0;8250;0.0;40
2023;04/02/2023;0;5262;0.0;41
2023;05/02/2023;2;5230;0.0003824091778202;42
2023;06/02/2023;1;7679;0.0001302252897512;43
2024;26/12/2023;2;4675;0.000427807486631;1
2024;27/12/2023;28;5059;0.0055346906503261;2
2024;28/12/2023;4;5212;0.0007674597083653;3
2024;29/12/2023;7;5062;0.0013828526274199;4
2024;30/12/2023;12;3540;0.0033898305084745;5
2024;31/12/2023;9;3353;0.0026841634357291;6
2024;01/01/2024;20;3364;0.0059453032104637;7
2024;02/01/2024;56;5151;0.0108716754028344;8
2024;03/01/2024;205;4828;0.0424606462303231;9
2024;04/01/2024;8;1188;0.0067340067340067;10
2024;05/01/2024;21;5971;0.003516998827667;11
2024;06/01/2024;20;3599;0.0055570991942206;12
2024;07/01/2024;8;4066;0.0019675356615838;13
2024;08/01/2024;35;6465;0.0054137664346481;14
2024;09/01/2024;35;6887;0.0050820386234935;15
2024;10/01/2024;35;6737;0.005195190737717;16
2024;11/01/2024;33;6955;0.004744787922358;17
2024;12/01/2024;23;7056;0.0032596371882086;18
2024;13/01/2024;7;4656;0.0015034364261168;19
2024;14/01/2024;13;4555;0.002854006586169;20
2024;15/01/2024;13;6841;0.0019003069726648;21
2024;16/01/2024;19;7296;0.0026041666666666;22
2024;17/01/2024;11;7373;0.0014919300149193;23
2024;18/01/2024;18;7196;0.0025013896609227;24
2024;19/01/2024;9;7192;0.0012513904338153;25
2024;20/01/2024;4;4707;0.0008497981729339;26
2024;21/01/2024;3;4420;0.0006787330316742;27
2024;22/01/2024;1;6952;0.0001438434982738;28
2024;23/01/2024;33;7447;0.0044313146233382;29
2024;24/01/2024;7;7342;0.0009534186870062;30
2024;25/01/2024;13;6979;0.0018627310502937;31
2024;26/01/2024;7;7058;0.0009917823746103;32
2024;27/01/2024;4;4319;0.000926140310257;33
2024;28/01/2024;11;4419;0.002489250961756;34
2024;29/01/2024;8;6791;0.001178029745251;35
2024;30/01/2024;2;7306;0.0002737476047084;36
2024;31/01/2024;7;7226;0.0009687240520343;37
2024;01/02/2024;6;7316;0.0008201202843083;38
2024;02/02/2024;5;7102;0.0007040270346381;39
2024;03/02/2024;1;4758;0.0002101723413198;40
2024;04/02/2024;3;4318;0.0006947660954145;41
2024;05/02/2024;1;6512;0.0001535626535626;42
2024;06/02/2024;3;6923;0.0004333381482016;43
2025;26/12/2024;3;3946;0.0007602635580334;1
2025;27/12/2024;3;4051;0.0007405578869414;2
2025;28/12/2024;3;3060;0.0009803921568627;3
2025;29/12/2024;5;3013;0.0016594756057085;4
2025;30/12/2024;9;4266;0.0021097046413502;5
2025;31/12/2024;4;3878;0.001031459515214;6
2025;01/01/2025;24;3237;0.0074142724745134;7
2025;02/01/2025;48;4247;0.0113020955968919;8
2025;03/01/2025;67;4618;0.0145084452143785;9
2025;04/01/2025;27;3117;0.0086621751684311;10
2025;05/01/2025;20;3383;0.0059119125036949;11
2025;06/01/2025;47;5285;0.0088930936613055;12
2025;07/01/2025;34;5994;0.0056723390056723;13
2025;08/01/2025;52;5809;0.0089516267860216;14
2025;09/01/2025;27;5801;0.0046543699362178;15
2025;10/01/2025;26;5772;0.0045045045045045;16
2025;11/01/2025;28;3743;0.0074806305102858;17
2025;12/01/2025;10;3750;0.0026666666666666;18
2025;13/01/2025;19;5722;0.0033205173016427;19
2025;14/01/2025;14;6155;0.0022745735174654;20
2025;15/01/2025;22;6144;0.0035807291666666;21
2025;16/01/2025;12;5993;0.0020023360587351;22
2025;17/01/2025;14;5874;0.0023833844058563;23
2025;18/01/2025;7;3810;0.0018372703412073;24
2025;19/01/2025;16;3610;0.0044321329639889;25
2025;20/01/2025;15;5723;0.00262100297047;26
2025;21/01/2025;12;6102;0.0019665683382497;27
2025;22/01/2025;14;6106;0.0022928267278087;28
2025;23/01/2025;15;6358;0.0023592324630386;29
2025;24/01/2025;12;5951;0.0020164678205343;30
2025;25/01/2025;3;3975;0.000754716981132;31
2025;26/01/2025;2;3963;0.0005046681806712;32
2025;27/01/2025;8;5910;0.0013536379018612;33
2025;28/01/2025;5;6094;0.0008204791598293;34
2025;29/01/2025;18;6283;0.0028648734680884;35
2025;30/01/2025;9;6100;0.0014754098360655;36
2025;31/01/2025;7;6067;0.001153782759189;37
2025;01/02/2025;10;3933;0.0025425883549453;38
2025;02/02/2025;4;3827;0.001045205121505;39
2025;03/02/2025;24;5742;0.0041797283176593;40
2025;04/02/2025;3;6083;0.0004931777083675;41
2025;05/02/2025;2;5980;0.0003344481605351;42
2025;06/02/2025;2;6163;0.0003245172805451;43
2026;26/12/2025;2;3406;0.0005871990604815;1
2026;27/12/2025;0;2490;0.0;2
2026;28/12/2025;1;2758;0.0003625815808556;3
2026;29/12/2025;2;3694;0.0005414185165132;4
2026;30/12/2025;4;3875;0.0010322580645161;5
2026;31/12/2025;4;3592;0.0011135857461024;6
2026;01/01/2026;30;3061;0.0098007187193727;7
2026;02/01/2026;29;3484;0.0083237657864523;8
2026;03/01/2026;9;2747;0.0032763014197306;9
2026;04/01/2026;9;2870;0.0031358885017421;10
2026;05/01/2026;30;4675;0.0064171122994652;11
2026;06/01/2026;12;4975;0.0024120603015075;12
2026;07/01/2026;18;5012;0.0035913806863527;13
2026;08/01/2026;28;5066;0.0055270430319778;14
2026;09/01/2026;29;5071;0.0057187931374482;15
2026;10/01/2026;8;3297;0.0024264482863208;16
2026;11/01/2026;8;3093;0.0025864856126737;17
2026;12/01/2026;20;4895;0.0040858018386108;18
2026;13/01/2026;16;4962;0.0032245062474808;19
2026;14/01/2026;30;5195;0.0057747834456207;20
2026;15/01/2026;9;5117;0.0017588430721125;21
2026;16/01/2026;12;4940;0.0024291497975708;22
2026;17/01/2026;6;3275;0.0018320610687022;23
2026;18/01/2026;9;3249;0.002770083102493;24
2026;19/01/2026;13;4884;0.0026617526617526;25
2026;20/01/2026;7;5180;0.0013513513513513;26
2026;21/01/2026;4;5379;0.0007436326454731;27
2026;22/01/2026;9;5150;0.0017475728155339;28
2026;23/01/2026;5;5147;0.0009714396735962;29
2026;24/01/2026;4;3318;0.0012055455093429;30
2026;25/01/2026;3;3189;0.0009407337723424;31
2026;26/01/2026;9;4976;0.0018086816720257;32
2026;27/01/2026;2;5324;0.0003756574004507;33
2026;28/01/2026;6;5386;0.0011139992573338;34
2026;29/01/2026;3;5154;0.0005820721769499;35
2026;30/01/2026;9;5181;0.0017371163867979;36
2026;31/01/2026;6;3300;0.0018181818181818;37
2026;01/02/2026;14;3297;0.0042462845010615;38
2026;02/02/2026;8;4904;0.0016313213703099;39
2026;03/02/2026;4;5126;0.000780335544284;40
2026;04/02/2026;4;5328;0.0007507507507507;41
2026;05/02/2026;1;5792;0.0001726519337016;42
2026;06/02/2026;3;5705;0.0005258545135845;43
