date,dry january,mars bleu,movember,octobre rose
2005-01-01,0.0,24.1,21.0,10.5
2005-02-01,0.0,26.2,23.0,9.0
2005-03-01,0.0,27.1,23.0,10.0
2005-04-01,0.0,28.7,20.0,9.3
2005-05-01,0.0,26.2,24.0,10.0
2005-06-01,0.0,27.5,24.0,8.5
2005-07-01,0.0,22.4,21.0,9.0
2005-08-01,0.0,21.1,21.0,8.0
2005-09-01,0.0,22.8,24.0,9.5
2005-10-01,0.0,22.0,25.0,10.0
2005-11-01,0.0,23.2,18.0,9.8
2005-12-01,0.0,21.1,21.0,7.6
2006-01-01,0.0,24.1,25.0,9.3
2006-02-01,0.0,21.1,22.0,8.8
2006-03-01,0.8,28.7,21.0,9.0
2006-04-01,0.0,22.4,23.0,8.5
2006-05-01,0.0,23.2,19.0,8.3
2006-06-01,0.0,20.7,22.0,8.5
2006-07-01,0.0,15.2,19.0,6.6
2006-08-01,0.0,19.9,17.0,6.3
2006-09-01,0.0,22.0,24.0,7.3
2006-10-01,0.0,24.9,23.0,8.8
2006-11-01,0.0,23.7,22.0,8.3
2006-12-01,0.6,19.0,21.0,7.8
2007-01-01,0.0,19.9,22.0,8.8
2007-02-01,0.0,24.1,29.0,8.0
2007-03-01,0.0,29.2,21.0,8.5
2007-04-01,0.0,23.2,20.0,7.1
2007-05-01,0.4,22.4,21.0,8.0
2007-06-01,0.4,24.1,20.0,7.8
2007-07-01,0.0,21.6,20.0,6.8
2007-08-01,0.5,20.3,19.0,6.8
2007-09-01,0.0,24.1,25.0,8.3
2007-10-01,0.0,23.2,23.0,10.7
2007-11-01,0.4,23.7,20.0,8.8
2007-12-01,0.5,19.0,20.0,7.6
2008-01-01,0.0,24.5,22.0,8.5
2008-02-01,0.4,25.8,22.0,9.3
2008-03-01,0.5,29.6,18.0,8.0
2008-04-01,0.4,24.9,20.0,8.0
2008-05-01,0.5,22.4,18.0,8.3
2008-06-01,0.3,24.1,18.0,8.3
2008-07-01,0.0,22.0,15.0,6.8
2008-08-01,0.6,19.0,17.0,7.1
2008-09-01,0.5,33.4,22.0,8.3
2008-10-01,0.6,30.4,20.0,9.8
2008-11-01,0.6,26.2,20.0,8.0
2008-12-01,0.7,21.6,17.0,6.3
2009-01-01,0.5,25.8,20.0,7.1
2009-02-01,0.5,24.9,20.0,7.3
2009-03-01,0.7,36.8,23.0,8.3
2009-04-01,0.3,28.3,20.0,7.8
2009-05-01,0.6,24.5,17.0,7.1
2009-06-01,0.6,28.7,18.0,6.8
2009-07-01,0.8,24.9,16.0,5.6
2009-08-01,0.9,22.8,19.0,5.9
2009-09-01,0.7,33.0,21.0,12.2
2009-10-01,0.6,30.0,20.0,10.7
2009-11-01,0.7,30.4,21.0,7.6
2009-12-01,0.4,24.5,18.0,5.6
2010-01-01,0.6,26.6,18.0,8.8
2010-02-01,0.7,26.2,21.0,7.1
2010-03-01,0.7,34.7,21.0,7.1
2010-04-01,0.7,28.7,20.0,7.3
2010-05-01,0.8,27.9,20.0,7.1
2010-06-01,0.7,27.5,19.0,7.1
2010-07-01,0.8,24.5,17.0,5.6
2010-08-01,0.7,25.4,16.0,6.6
2010-09-01,0.7,28.7,21.0,7.8
2010-10-01,0.6,27.1,19.0,13.7
2010-11-01,0.7,28.7,23.0,9.0
2010-12-01,0.6,23.2,19.0,6.8
2011-01-01,0.7,29.6,27.0,8.3
2011-02-01,0.9,31.7,25.0,9.3
2011-03-01,0.6,35.9,21.0,8.8
2011-04-01,0.7,30.9,19.0,7.8
2011-05-01,0.8,30.0,20.0,7.6
2011-06-01,1.0,27.1,18.0,6.8
2011-07-01,0.7,25.4,18.0,8.3
2011-08-01,0.9,24.1,15.0,5.6
2011-09-01,0.9,27.5,19.0,9.3
2011-10-01,0.6,28.3,21.0,11.5
2011-11-01,0.8,30.0,30.0,8.5
2011-12-01,0.7,27.5,21.0,7.6
2012-01-01,0.8,31.3,20.0,8.5
2012-02-01,0.7,29.2,20.0,7.1
2012-03-01,0.8,37.2,18.0,7.6
2012-04-01,0.7,29.6,21.0,7.6
2012-05-01,0.9,31.3,19.0,7.1
2012-06-01,0.9,30.0,20.0,7.6
2012-07-01,0.8,28.3,16.0,7.1
2012-08-01,0.8,25.8,16.0,6.1
2012-09-01,0.9,31.3,19.0,8.8
2012-10-01,0.8,32.5,25.0,13.2
2012-11-01,0.9,31.7,54.0,8.3
2012-12-01,0.8,27.5,22.0,7.1
2013-01-01,1.0,32.5,22.0,8.0
2013-02-01,0.8,32.1,20.0,7.8
2013-03-01,0.8,41.4,19.0,8.0
2013-04-01,0.9,32.5,18.0,7.8
2013-05-01,1.0,32.5,19.0,8.5
2013-06-01,0.8,32.5,17.0,7.6
2013-07-01,0.9,28.3,18.0,7.3
2013-08-01,0.8,25.4,16.0,6.3
2013-09-01,0.8,33.0,19.0,11.7
2013-10-01,0.8,32.5,34.0,15.1
2013-11-01,0.9,32.5,79.0,10.0
2013-12-01,0.8,28.3,28.0,8.0
2014-01-01,1.0,35.5,22.0,8.8
2014-02-01,1.0,40.2,24.0,9.3
2014-03-01,0.9,36.8,19.0,8.5
2014-04-01,1.0,35.1,19.0,8.3
2014-05-01,1.1,34.2,18.0,8.8
2014-06-01,0.9,31.3,18.0,7.8
2014-07-01,1.0,30.9,17.0,7.6
2014-08-01,0.9,27.1,19.0,8.0
2014-09-01,1.0,37.2,20.0,12.2
2014-10-01,0.9,33.8,39.0,21.7
2014-11-01,1.0,38.0,100.0,11.5
2014-12-01,0.8,31.7,25.0,8.5
2015-01-01,1.0,35.0,24.5,9.0
2015-02-01,0.0,39.0,25.2,10.0
2015-03-01,0.0,43.0,22.3,10.0
2015-04-01,0.0,35.0,20.0,10.0
2015-05-01,1.0,41.0,20.8,9.0
2015-06-01,1.0,37.0,20.8,9.0
2015-07-01,0.8,32.5,19.0,8.5
2015-08-01,0.0,31.0,20.0,9.0
2015-09-01,1.0,39.0,23.0,14.0
2015-10-01,1.0,39.0,39.3,24.0
2015-11-01,1.0,37.0,65.3,10.0
2015-12-01,1.0,32.0,23.0,9.0
2016-01-01,1.2,36.8,26.0,11.0
2016-02-01,1.0,42.0,26.0,11.0
2016-03-01,1.0,55.0,23.0,10.0
2016-04-01,1.0,40.0,23.0,11.0
2016-05-01,1.0,37.0,21.5,9.0
2016-06-01,1.0,38.0,20.8,10.0
2016-07-01,1.0,32.0,17.1,10.0
2016-08-01,2.0,31.0,18.5,10.0
2016-09-01,1.0,41.0,22.3,21.0
2016-10-01,1.0,37.0,29.7,25.0
2016-11-01,1.0,39.0,56.4,10.0
2016-12-01,1.0,35.0,22.3,9.0
2017-01-01,3.0,40.0,23.0,11.0
2017-02-01,1.0,41.0,23.7,12.0
2017-03-01,1.0,55.0,24.5,12.0
2017-04-01,1.0,42.0,20.0,12.0
2017-05-01,1.0,36.0,18.5,11.0
2017-06-01,1.0,36.0,20.8,9.0
2017-07-01,2.0,33.0,22.3,10.0
2017-08-01,2.0,31.0,19.3,9.0
2017-09-01,1.0,42.0,23.0,17.0
2017-10-01,1.0,39.0,31.2,28.0
2017-11-01,1.0,41.0,49.7,11.0
2017-12-01,2.0,34.0,27.5,10.0
2018-01-01,7.0,40.0,26.0,14.0
2018-02-01,1.0,45.0,26.0,11.0
2018-03-01,2.0,54.0,23.7,12.0
2018-04-01,1.0,40.0,23.0,11.0
2018-05-01,1.0,38.0,21.5,11.0
2018-06-01,2.0,40.0,22.3,13.0
2018-07-01,1.0,35.0,18.5,11.0
2018-08-01,1.0,34.0,19.3,11.0
2018-09-01,1.0,40.0,30.4,20.0
2018-10-01,1.0,42.0,32.6,34.0
2018-11-01,1.0,42.0,45.3,12.0
2018-12-01,2.0,35.0,21.5,10.0
2019-01-01,38.0,42.0,24.5,12.0
2019-02-01,4.0,46.0,25.2,14.0
2019-03-01,3.0,55.0,24.5,14.0
2019-04-01,1.0,42.0,23.7,12.0
2019-05-01,2.0,43.0,21.5,11.0
2019-06-01,2.0,36.0,20.8,11.0
2019-07-01,2.0,35.0,20.0,10.0
2019-08-01,2.0,32.0,19.3,10.0
2019-09-01,2.0,40.0,28.2,21.0
2019-10-01,2.0,40.0,41.5,38.0
2019-11-01,4.0,42.0,50.5,13.0
2019-12-01,11.0,33.0,24.5,10.0
2020-01-01,60.0,46.0,32.6,14.0
2020-02-01,6.0,50.0,31.2,17.0
2020-03-01,3.0,32.0,17.8,9.0
2020-04-01,3.0,22.0,16.3,7.0
2020-05-01,2.0,31.0,19.3,9.0
2020-06-01,2.0,38.0,21.5,12.0
2020-07-01,2.0,35.0,20.0,12.0
2020-08-01,2.0,57.0,20.0,12.0
2020-09-01,2.0,54.0,24.5,19.0
2020-10-01,2.0,43.0,28.9,41.0
2020-11-01,3.0,43.0,45.3,15.0
2020-12-01,4.0,41.0,24.5,11.0
2021-01-01,43.0,51.0,25.2,12.0
2021-02-01,4.0,61.0,26.0,15.0
2021-03-01,2.0,66.0,25.2,15.0
2021-04-01,2.0,47.0,23.7,14.0
2021-05-01,2.0,45.0,26.0,14.0
2021-06-01,2.0,42.0,23.0,14.0
2021-07-01,2.0,41.0,22.3,11.0
2021-08-01,3.0,35.0,20.8,12.0
2021-09-01,2.0,43.0,28.2,26.0
2021-10-01,2.0,43.0,37.1,58.0
2021-11-01,2.0,50.0,54.9,16.0
2021-12-01,6.0,40.0,29.7,13.0
2022-01-01,53.0,51.0,27.5,16.0
2022-02-01,6.0,55.0,26.7,15.0
2022-03-01,3.0,64.0,27.5,15.0
2022-04-01,3.0,51.0,32.6,13.0
2022-05-01,3.0,54.0,26.7,15.0
2022-06-01,2.0,55.0,26.7,14.0
2022-07-01,2.0,45.0,23.7,13.0
2022-08-01,3.0,59.0,25.2,15.0
2022-09-01,2.0,60.0,29.7,33.0
2022-10-01,3.0,61.0,40.8,67.0
2022-11-01,4.0,62.0,64.5,17.0
2022-12-01,9.0,62.0,28.9,12.0
2023-01-01,75.0,68.0,30.4,17.0
2023-02-01,8.0,67.0,29.7,16.0
2023-03-01,3.0,93.0,29.7,17.0
2023-04-01,3.0,64.0,28.9,17.0
2023-05-01,3.0,61.0,28.2,16.0
2023-06-01,3.0,62.0,27.5,16.0
2023-07-01,3.0,50.0,24.5,17.0
2023-08-01,3.0,41.0,23.0,18.0
2023-09-01,3.0,55.0,31.9,41.0
2023-10-01,3.0,57.0,41.5,78.0
2023-11-01,3.0,55.0,65.3,20.0
2023-12-01,22.0,48.0,28.2,16.0
2024-01-01,100.0,62.0,31.2,19.0
2024-02-01,8.0,65.0,35.6,21.0
2024-03-01,3.0,83.0,29.7,23.0
2024-04-01,3.0,61.0,29.7,20.0
2024-05-01,2.0,53.0,26.7,19.0
2024-06-01,2.0,54.0,26.0,19.0
2024-07-01,2.0,46.0,23.7,18.0
2024-08-01,4.0,44.0,23.7,20.0
2024-09-01,3.0,53.0,29.7,47.0
2024-10-01,2.0,58.0,48.2,90.0
2024-11-01,3.0,57.0,63.8,21.0
2024-12-01,14.0,49.0,31.2,17.0
2025-01-01,74.0,66.0,31.9,21.0
2025-02-01,7.0,69.0,31.9,23.0
2025-03-01,4.0,100.0,31.2,22.0
2025-04-01,4.0,66.0,30.4,21.0
2025-05-01,3.0,63.0,36.4,19.0
2025-06-01,3.0,64.0,28.9,20.0
2025-07-01,2.0,50.0,28.2,20.0
2025-08-01,3.0,47.0,26.7,19.0
2025-09-01,3.0,57.0,32.6,53.0
2025-10-01,4.0,62.0,46.7,100.0
2025-11-01,9.0,61.0,74.2,22.0
2025-12-01,17.0,52.0,34.9,18.0
2026-01-01,80.0,62.0,34.9,20.0
