date,campaign_index,campaign,query,season,window_start,window_end
2015-12-26,0,Dry January,dry january + mois sans alcool + arreter de boire + janvier sans alcool + arreter alcool,2015-2016,2015-12-26,2016-02-06
2015-12-27,0,Dry January,dry january + mois sans alcool + arreter de boire + janvier sans alcool + arreter alcool,2015-2016,2015-12-26,2016-02-06
2015-12-28,0,Dry January,dry january + mois sans alcool + arreter de boire + janvier sans alcool + arreter alcool,2015-2016,2015-12-26,2016-02-06
2015-12-29,0,Dry January,dry january + mois sans alcool + arreter de boire + janvier sans alcool + arreter alcool,2015-2016,2015-12-26,2016-02-06
2015-12-30,0,Dry January,dry january + mois sans alcool + arreter de boire + janvier sans alcool + arreter alcool,2015-2016,2015-12-26,2016-02-06
2015-12-31,0,Dry January,dry january + mois sans alcool + arreter de boire + janvier sans alcool + arreter alcool,2015-2016,2015-12-26,2016-02-06
2016-01-01,0,Dry January,dry january + mois sans alcool + arreter de boire + janvier sans alcool + arreter alcool,2015-2016,2015-12-26,2016-02-06
2016-01-02,0,Dry January,dry january + mois sans alcool + arreter de boire + janvier sans alcool + arreter alcool,2015-2016,2015-12-26,2016-02-06
2016-01-03,0,Dry January,dry january + mois sans alcool + arreter de boire + janvier sans alcool + arreter alcool,2015-2016,2015-12-26,2016-02-06
2016-01-04,100,Dry January,dry january + mois sans alcool + arreter de boire + janvier sans alcool + arreter alcool,2015-2016,2015-12-26,2016-02-06
2016-01-05,0,Dry January,dry january + mois sans alcool + arreter de boire + janvier sans alcool + arreter alcool,2015-2016,2015-12-26,2016-02-06
2016-01-06,0,Dry January,dry january + mois sans alcool + arreter de boire + janvier sans alcool + arreter alcool,2015-2016,2015-12-26,2016-02-06
2016-01-07,0,Dry January,dry january + mois sans alcool + arreter de boire + janvier sans alcool + arreter alcool,2015-2016,2015-12-26,2016-02-06
2016-01-08,0,Dry January,dry january + mois sans alcool + arreter de boire + janvier sans alcool + arreter alcool,2015-2016,2015-12-26,2016-02-06
2016-01-09,0,Dry January,dry january + mois sans alcool + arreter de boire + janvier sans alcool + arreter alcool,2015-2016,2015-12-26,2016-02-06
2016-01-10,0,Dry January,dry january + mois sans alcool + arreter de boire + janvier sans alcool + arreter alcool,2015-2016,2015-12-26,2016-02-06
2016-01-11,0,Dry January,dry january + mois sans alcool + arreter de boire + janvier sans alcool + arreter alcool,2015-2016,2015-12-26,2016-02-06
2016-01-12,0,Dry January,dry january + mois sans alcool + arreter de boire + janvier sans alcool + arreter alcool,2015-2016,2015-12-26,2016-02-06
2016-01-13,0,Dry January,dry january + mois sans alcool + arreter de boire + janvier sans alcool + arreter alcool,2015-2016,2015-12-26,2016-02-06
2016-01-14,0,Dry January,dry january + mois sans alcool + arreter de boire + janvier sans alcool + arreter alcool,2015-2016,2015-12-26,2016-02-06
2016-01-15,0,Dry January,dry january + mois sans alcool + arreter de boire + janvier sans alcool + arreter alcool,2015-2016,2015-12-26,2016-02-06
2016-01-16,0,Dry January,dry january + mois sans alcool + arreter de boire + janvier sans alcool + arreter alcool,2015-2016,2015-12-26,2016-02-06
2016-01-17,0,Dry January,dry january + mois sans alcool + arreter de boire + janvier sans alcool + arreter alcool,2015-2016,2015-12-26,2016-02-06
2016-01-18,0,Dry January,dry january + mois sans alcool + arreter de boire + janvier sans alcool + arreter alcool,2015-2016,2015-12-26,2016-02-06
2016-01-19,0,Dry January,dry january + mois sans alcool + arreter de boire + janvier sans alcool + arreter alcool,2015-2016,2015-12-26,2016-02-06
2016-01-20,0,Dry January,dry january + mois sans alcool + arreter de boire + janvier sans alcool + arreter alcool,2015-2016,2015-12-26,2016-02-06
2016-01-21,0,Dry January,dry january + mois sans alcool + arreter de boire + janvier sans alcool + arreter alcool,2015-2016,2015-12-26,2016-02-06
2016-01-22,0,Dry January,dry january + mois sans alcool + arreter de boire + janvier sans alcool + arreter alcool,2015-2016,2015-12-26,2016-02-06
2016-01-23,0,Dry January,dry january + mois sans alcool + arreter de boire + janvier sans alcool + arreter alcool,2015-2016,2015-12-26,2016-02-06
2016-01-24,0,Dry January,dry january + mois sans alcool + arreter de boire + janvier sans alcool + arreter alcool,2015-2016,2015-12-26,2016-02-06
2016-01-25,0,Dry January,dry january + mois sans alcool + arreter de boire + janvier sans alcool + arreter alcool,2015-2016,2015-12-26,2016-02-06
2016-01-26,87,Dry January,dry january + mois sans alcool + arreter de boire + janvier sans alcool + arreter alcool,2015-2016,2015-12-26,2016-02-06
2016-01-27,0,Dry January,dry january + mois sans alcool + arreter de boire + janvier sans alcool + arreter alcool,2015-2016,2015-12-26,2016-02-06
2016-01-28,0,Dry January,dry january + mois sans alcool + arreter de boire + janvier sans alcool + arreter alcool,2015-2016,2015-12-26,2016-02-06
2016-01-29,0,Dry January,dry january + mois sans alcool + arreter de boire + janvier sans alcool + arreter alcool,2015-2016,2015-12-26,2016-02-06
2016-01-30,0,Dry January,dry january + mois sans alcool + arreter de boire + janvier sans alcool + arreter alcool,2015-2016,2015-12-26,2016-02-06
2016-01-31,0,Dry January,dry january + mois sans alcool + arreter de boire + janvier sans alcool + arreter alcool,2015-2016,2015-12-26,2016-02-06
2016-02-01,0,Dry January,dry january + mois sans alcool + arreter de boire + janvier sans alcool + arreter alcool,2015-2016,2015-12-26,2016-02-06
2016-02-02,0,Dry January,dry january + mois sans alcool + arreter de boire + janvier sans alcool + arreter alcool,2015-2016,2015-12-26,2016-02-06
2016-02-03,0,Dry January,dry january + mois sans alcool + arreter de boire + janvier sans alcool + arreter alcool,2015-2016,2015-12-26,2016-02-06
2016-02-04,0,Dry January,dry january + mois sans alcool + arreter de boire + janvier sans alcool + arreter alcool,2015-2016,2015-12-26,2016-02-06
2016-02-05,0,Dry January,dry january + mois sans alcool + arreter de boire + janvier sans alcool + arreter alcool,2015-2016,2015-12-26,2016-02-06
2016-02-06,0,Dry January,dry january + mois sans alcool + arreter de boire + janvier sans alcool + arreter alcool,2015-2016,2015-12-26,2016-02-06
2016-12-26,0,Dry January,dry january + mois sans alcool + arreter de boire + janvier sans alcool + arreter alcool,2016-2017,2016-12-26,2017-02-06
2016-12-27,0,Dry January,dry january + mois sans alcool + arreter de boire + janvier sans alcool + arreter alcool,2016-2017,2016-12-26,2017-02-06
2016-12-28,0,Dry January,dry january + mois sans alcool + arreter de boire + janvier sans alcool + arreter alcool,2016-2017,2016-12-26,2017-02-06
2016-12-29,0,Dry January,dry january + mois sans alcool + arreter de boire + janvier sans alcool + arreter alcool,2016-2017,2016-12-26,2017-02-06
2016-12-30,0,Dry January,dry january + mois sans alcool + arreter de boire + janvier sans alcool + arreter alcool,2016-2017,2016-12-26,2017-02-06
2016-12-31,0,Dry January,dry january + mois sans alcool + arreter de boire + janvier sans alcool + arreter alcool,2016-2017,2016-12-26,2017-02-06
2017-01-01,100,Dry January,dry january + mois sans alcool + arreter de boire + janvier sans alcool + arreter alcool,2016-2017,2016-12-26,2017-02-06
2017-01-02,0,Dry January,dry january + mois sans alcool + arreter de boire + janvier sans alcool + arreter alcool,2016-2017,2016-12-26,2017-02-06
2017-01-03,0,Dry January,dry january + mois sans alcool + arreter de boire + janvier sans alcool + arreter alcool,2016-2017,2016-12-26,2017-02-06
2017-01-04,0,Dry January,dry january + mois sans alcool + arreter de boire + janvier sans alcool + arreter alcool,2016-2017,2016-12-26,2017-02-06
2017-01-05,0,Dry January,dry january + mois sans alcool + arreter de boire + janvier sans alcool + arreter alcool,2016-2017,2016-12-26,2017-02-06
2017-01-06,86,Dry January,dry january + mois sans alcool + arreter de boire + janvier sans alcool + arreter alcool,2016-2017,2016-12-26,2017-02-06
2017-01-07,0,Dry January,dry january + mois sans alcool + arreter de boire + janvier sans alcool + arreter alcool,2016-2017,2016-12-26,2017-02-06
2017-01-08,0,Dry January,dry january + mois sans alcool + arreter de boire + janvier sans alcool + arreter alcool,2016-2017,2016-12-26,2017-02-06
2017-01-09,0,Dry January,dry january + mois sans alcool + arreter de boire + janvier sans alcool + arreter alcool,2016-2017,2016-12-26,2017-02-06
2017-01-10,0,Dry January,dry january + mois sans alcool + arreter de boire + janvier sans alcool + arreter alcool,2016-2017,2016-12-26,2017-02-06
2017-01-11,0,Dry January,dry january + mois sans alcool + arreter de boire + janvier sans alcool + arreter alcool,2016-2017,2016-12-26,2017-02-06
2017-01-12,0,Dry January,dry january + mois sans alcool + arreter de boire + janvier sans alcool + arreter alcool,2016-2017,2016-12-26,2017-02-06
2017-01-13,0,Dry January,dry january + mois sans alcool + arreter de boire + janvier sans alcool + arreter alcool,2016-2017,2016-12-26,2017-02-06
2017-01-14,0,Dry January,dry january + mois sans alcool + arreter de boire + janvier sans alcool + arreter alcool,2016-2017,2016-12-26,2017-02-06
2017-01-15,0,Dry January,dry january + mois sans alcool + arreter de boire + janvier sans alcool + arreter alcool,2016-2017,2016-12-26,2017-02-06
2017-01-16,0,Dry January,dry january + mois sans alcool + arreter de boire + janvier sans alcool + arreter alcool,2016-2017,2016-12-26,2017-02-06
2017-01-17,0,Dry January,dry january + mois sans alcool + arreter de boire + janvier sans alcool + arreter alcool,2016-2017,2016-12-26,2017-02-06
2017-01-18,0,Dry January,dry january + mois sans alcool + arreter de boire + janvier sans alcool + arreter alcool,2016-2017,2016-12-26,2017-02-06
2017-01-19,0,Dry January,dry january + mois sans alcool + arreter de boire + janvier sans alcool + arreter alcool,2016-2017,2016-12-26,2017-02-06
2017-01-20,0,Dry January,dry january + mois sans alcool + arreter de boire + janvier sans alcool + arreter alcool,2016-2017,2016-12-26,2017-02-06
2017-01-21,0,Dry January,dry january + mois sans alcool + arreter de boire + janvier sans alcool + arreter alcool,2016-2017,2016-12-26,2017-02-06
2017-01-22,0,Dry January,dry january + mois sans alcool + arreter de boire + janvier sans alcool + arreter alcool,2016-2017,2016-12-26,2017-02-06
2017-01-23,0,Dry January,dry january + mois sans alcool + arreter de boire + janvier sans alcool + arreter alcool,2016-2017,2016-12-26,2017-02-06
2017-01-24,0,Dry January,dry january + mois sans alcool + arreter de boire + janvier sans alcool + arreter alcool,2016-2017,2016-12-26,2017-02-06
2017-01-25,0,Dry January,dry january + mois sans alcool + arreter de boire + janvier sans alcool + arreter alcool,2016-2017,2016-12-26,2017-02-06
2017-01-26,92,Dry January,dry january + mois sans alcool + arreter de boire + janvier sans alcool + arreter alcool,2016-2017,2016-12-26,2017-02-06
2017-01-27,0,Dry January,dry january + mois sans alcool + arreter de boire + janvier sans alcool + arreter alcool,2016-2017,2016-12-26,2017-02-06
2017-01-28,0,Dry January,dry january + mois sans alcool + arreter de boire + janvier sans alcool + arreter alcool,2016-2017,2016-12-26,2017-02-06
2017-01-29,0,Dry January,dry january + mois sans alcool + arreter de boire + janvier sans alcool + arreter alcool,2016-2017,2016-12-26,2017-02-06
2017-01-30,0,Dry January,dry january + mois sans alcool + arreter de boire + janvier sans alcool + arreter alcool,2016-2017,2016-12-26,2017-02-06
2017-01-31,0,Dry January,dry january + mois sans alcool + arreter de boire + janvier sans alcool + arreter alcool,2016-2017,2016-12-26,2017-02-06
2017-02-01,65,Dry January,dry january + mois sans alcool + arreter de boire + janvier sans alcool + arreter alcool,2016-2017,2016-12-26,2017-02-06
2017-02-02,0,Dry January,dry january + mois sans alcool + arreter de boire + janvier sans alcool + arreter alcool,2016-2017,2016-12-26,2017-02-06
2017-02-03,0,Dry January,dry january + mois sans alcool + arreter de boire + janvier sans alcool + arreter alcool,2016-2017,2016-12-26,2017-02-06
2017-02-04,76,Dry January,dry january + mois sans alcool + arreter de boire + janvier sans alcool + arreter alcool,2016-2017,2016-12-26,2017-02-06
2017-02-05,0,Dry January,dry january + mois sans alcool + arreter de boire + janvier sans alcool + arreter alcool,2016-2017,2016-12-26,2017-02-06
2017-02-06,0,Dry January,dry january + mois sans alcool + arreter de boire + janvier sans alcool + arreter alcool,2016-2017,2016-12-26,2017-02-06
2017-12-26,0,Dry January,dry january + mois sans alcool + arreter de boire + janvier sans alcool + arreter alcool,2017-2018,2017-12-26,2018-02-06
2017-12-27,40,Dry January,dry january + mois sans alcool + arreter de boire + janvier sans alcool + arreter alcool,2017-2018,2017-12-26,2018-02-06
2017-12-28,0,Dry January,dry january + mois sans alcool + arreter de boire + janvier sans alcool + arreter alcool,2017-2018,2017-12-26,2018-02-06
2017-12-29,47,Dry January,dry january + mois sans alcool + arreter de boire + janvier sans alcool + arreter alcool,2017-2018,2017-12-26,2018-02-06
2017-12-30,0,Dry January,dry january + mois sans alcool + arreter de boire + janvier sans alcool + arreter alcool,2017-2018,2017-12-26,2018-02-06
2017-12-31,0,Dry January,dry january + mois sans alcool + arreter de boire + janvier sans alcool + arreter alcool,2017-2018,2017-12-26,2018-02-06
2018-01-01,59,Dry January,dry january + mois sans alcool + arreter de boire + janvier sans alcool + arreter alcool,2017-2018,2017-12-26,2018-02-06
2018-01-02,63,Dry January,dry january + mois sans alcool + arreter de boire + janvier sans alcool + arreter alcool,2017-2018,2017-12-26,2018-02-06
2018-01-03,42,Dry January,dry january + mois sans alcool + arreter de boire + janvier sans alcool + arreter alcool,2017-2018,2017-12-26,2018-02-06
2018-01-04,46,Dry January,dry january + mois sans alcool + arreter de boire + janvier sans alcool + arreter alcool,2017-2018,2017-12-26,2018-02-06
2018-01-05,0,Dry January,dry january + mois sans alcool + arreter de boire + janvier sans alcool + arreter alcool,2017-2018,2017-12-26,2018-02-06
2018-01-06,0,Dry January,dry january + mois sans alcool + arreter de boire + janvier sans alcool + arreter alcool,2017-2018,2017-12-26,2018-02-06
2018-01-07,0,Dry January,dry january + mois sans alcool + arreter de boire + janvier sans alcool + arreter alcool,2017-2018,2017-12-26,2018-02-06
2018-01-08,100,Dry January,dry january + mois sans alcool + arreter de boire + janvier sans alcool + arreter alcool,2017-2018,2017-12-26,2018-02-06
2018-01-09,50,Dry January,dry january + mois sans alcool + arreter de boire + janvier sans alcool + arreter alcool,2017-2018,2017-12-26,2018-02-06
2018-01-10,0,Dry January,dry january + mois sans alcool + arreter de boire + janvier sans alcool + arreter alcool,2017-2018,2017-12-26,2018-02-06
2018-01-11,0,Dry January,dry january + mois sans alcool + arreter de boire + janvier sans alcool + arreter alcool,2017-2018,2017-12-26,2018-02-06
2018-01-12,0,Dry January,dry january + mois sans alcool + arreter de boire + janvier sans alcool + arreter alcool,2017-2018,2017-12-26,2018-02-06
2018-01-13,0,Dry January,dry january + mois sans alcool + arreter de boire + janvier sans alcool + arreter alcool,2017-2018,2017-12-26,2018-02-06
2018-01-14,0,Dry January,dry january + mois sans alcool + arreter de boire + janvier sans alcool + arreter alcool,2017-2018,2017-12-26,2018-02-06
2018-01-15,0,Dry January,dry january + mois sans alcool + arreter de boire + janvier sans alcool + arreter alcool,2017-2018,2017-12-26,2018-02-06
2018-01-16,0,Dry January,dry january + mois sans alcool + arreter de boire + janvier sans alcool + arreter alcool,2017-2018,2017-12-26,2018-02-06
2018-01-17,0,Dry January,dry january + mois sans alcool + arreter de boire + janvier sans alcool + arreter alcool,2017-2018,2017-12-26,2018-02-06
2018-01-18,0,Dry January,dry january + mois sans alcool + arreter de boire + janvier sans alcool + arreter alcool,2017-2018,2017-12-26,2018-02-06
2018-01-19,0,Dry January,dry january + mois sans alcool + arreter de boire + janvier sans alcool + arreter alcool,2017-2018,2017-12-26,2018-02-06
2018-01-20,0,Dry January,dry january + mois sans alcool + arreter de boire + janvier sans alcool + arreter alcool,2017-2018,2017-12-26,2018-02-06
2018-01-21,0,Dry January,dry january + mois sans alcool + arreter de boire + janvier sans alcool + arreter alcool,2017-2018,2017-12-26,2018-02-06
2018-01-22,0,Dry January,dry january + mois sans alcool + arreter de boire + janvier sans alcool + arreter alcool,2017-2018,2017-12-26,2018-02-06
2018-01-23,0,Dry January,dry january + mois sans alcool + arreter de boire + janvier sans alcool + arreter alcool,2017-2018,2017-12-26,2018-02-06
2018-01-24,0,Dry January,dry january + mois sans alcool + arreter de boire + janvier sans alcool + arreter alcool,2017-2018,2017-12-26,2018-02-06
2018-01-25,0,Dry January,dry january + mois sans alcool + arreter de boire + janvier sans alcool + arreter alcool,2017-2018,2017-12-26,2018-02-06
2018-01-26,0,Dry January,dry january + mois sans alcool + arreter de boire + janvier sans alcool + arreter alcool,2017-2018,2017-12-26,2018-02-06
2018-01-27,0,Dry January,dry january + mois sans alcool + arreter de boire + janvier sans alcool + arreter alcool,2017-2018,2017-12-26,2018-02-06
2018-01-28,0,Dry January,dry january + mois sans alcool + arreter de boire + janvier sans alcool + arreter alcool,2017-2018,2017-12-26,2018-02-06
2018-01-29,0,Dry January,dry january + mois sans alcool + arreter de boire + janvier sans alcool + arreter alcool,2017-2018,2017-12-26,2018-02-06
2018-01-30,0,Dry January,dry january + mois sans alcool + arreter de boire + janvier sans alcool + arreter alcool,2017-2018,2017-12-26,2018-02-06
2018-01-31,0,Dry January,dry january + mois sans alcool + arreter de boire + janvier sans alcool + arreter alcool,2017-2018,2017-12-26,2018-02-06
2018-02-01,0,Dry January,dry january + mois sans alcool + arreter de boire + janvier sans alcool + arreter alcool,2017-2018,2017-12-26,2018-02-06
2018-02-02,0,Dry January,dry january + mois sans alcool + arreter de boire + janvier sans alcool + arreter alcool,2017-2018,2017-12-26,2018-02-06
2018-02-03,0,Dry January,dry january + mois sans alcool + arreter de boire + janvier sans alcool + arreter alcool,2017-2018,2017-12-26,2018-02-06
2018-02-04,0,Dry January,dry january + mois sans alcool + arreter de boire + janvier sans alcool + arreter alcool,2017-2018,2017-12-26,2018-02-06
2018-02-05,0,Dry January,dry january + mois sans alcool + arreter de boire + janvier sans alcool + arreter alcool,2017-2018,2017-12-26,2018-02-06
2018-02-06,0,Dry January,dry january + mois sans alcool + arreter de boire + janvier sans alcool + arreter alcool,2017-2018,2017-12-26,2018-02-06
2018-12-26,0,Dry January,dry january + mois sans alcool + arreter de boire + janvier sans alcool + arreter alcool,2018-2019,2018-12-26,2019-02-06
2018-12-27,0,Dry January,dry january + mois sans alcool + arreter de boire + janvier sans alcool + arreter alcool,2018-2019,2018-12-26,2019-02-06
2018-12-28,0,Dry January,dry january + mois sans alcool + arreter de boire + janvier sans alcool + arreter alcool,2018-2019,2018-12-26,2019-02-06
2018-12-29,0,Dry January,dry january + mois sans alcool + arreter de boire + janvier sans alcool + arreter alcool,2018-2019,2018-12-26,2019-02-06
2018-12-30,0,Dry January,dry january + mois sans alcool + arreter de boire + janvier sans alcool + arreter alcool,2018-2019,2018-12-26,2019-02-06
2018-12-31,12,Dry January,dry january + mois sans alcool + arreter de boire + janvier sans alcool + arreter alcool,2018-2019,2018-12-26,2019-02-06
2019-01-01,25,Dry January,dry january + mois sans alcool + arreter de boire + janvier sans alcool + arreter alcool,2018-2019,2018-12-26,2019-02-06
2019-01-02,43,Dry January,dry january + mois sans alcool + arreter de boire + janvier sans alcool + arreter alcool,2018-2019,2018-12-26,2019-02-06
2019-01-03,100,Dry January,dry january + mois sans alcool + arreter de boire + janvier sans alcool + arreter alcool,2018-2019,2018-12-26,2019-02-06
2019-01-04,85,Dry January,dry january + mois sans alcool + arreter de boire + janvier sans alcool + arreter alcool,2018-2019,2018-12-26,2019-02-06
2019-01-05,54,Dry January,dry january + mois sans alcool + arreter de boire + janvier sans alcool + arreter alcool,2018-2019,2018-12-26,2019-02-06
2019-01-06,41,Dry January,dry january + mois sans alcool + arreter de boire + janvier sans alcool + arreter alcool,2018-2019,2018-12-26,2019-02-06
2019-01-07,31,Dry January,dry january + mois sans alcool + arreter de boire + janvier sans alcool + arreter alcool,2018-2019,2018-12-26,2019-02-06
2019-01-08,29,Dry January,dry january + mois sans alcool + arreter de boire + janvier sans alcool + arreter alcool,2018-2019,2018-12-26,2019-02-06
2019-01-09,16,Dry January,dry january + mois sans alcool + arreter de boire + janvier sans alcool + arreter alcool,2018-2019,2018-12-26,2019-02-06
2019-01-10,21,Dry January,dry january + mois sans alcool + arreter de boire + janvier sans alcool + arreter alcool,2018-2019,2018-12-26,2019-02-06
2019-01-11,22,Dry January,dry january + mois sans alcool + arreter de boire + janvier sans alcool + arreter alcool,2018-2019,2018-12-26,2019-02-06
2019-01-12,23,Dry January,dry january + mois sans alcool + arreter de boire + janvier sans alcool + arreter alcool,2018-2019,2018-12-26,2019-02-06
2019-01-13,20,Dry January,dry january + mois sans alcool + arreter de boire + janvier sans alcool + arreter alcool,2018-2019,2018-12-26,2019-02-06
2019-01-14,9,Dry January,dry january + mois sans alcool + arreter de boire + janvier sans alcool + arreter alcool,2018-2019,2018-12-26,2019-02-06
2019-01-15,8,Dry January,dry january + mois sans alcool + arreter de boire + janvier sans alcool + arreter alcool,2018-2019,2018-12-26,2019-02-06
2019-01-16,11,Dry January,dry january + mois sans alcool + arreter de boire + janvier sans alcool + arreter alcool,2018-2019,2018-12-26,2019-02-06
2019-01-17,7,Dry January,dry january + mois sans alcool + arreter de boire + janvier sans alcool + arreter alcool,2018-2019,2018-12-26,2019-02-06
2019-01-18,13,Dry January,dry january + mois sans alcool + arreter de boire + janvier sans alcool + arreter alcool,2018-2019,2018-12-26,2019-02-06
2019-01-19,10,Dry January,dry january + mois sans alcool + arreter de boire + janvier sans alcool + arreter alcool,2018-2019,2018-12-26,2019-02-06
2019-01-20,8,Dry January,dry january + mois sans alcool + arreter de boire + janvier sans alcool + arreter alcool,2018-2019,2018-12-26,2019-02-06
2019-01-21,7,Dry January,dry january + mois sans alcool + arreter de boire + janvier sans alcool + arreter alcool,2018-2019,2018-12-26,2019-02-06
2019-01-22,9,Dry January,dry january + mois sans alcool + arreter de boire + janvier sans alcool + arreter alcool,2018-2019,2018-12-26,2019-02-06
2019-01-23,0,Dry January,dry january + mois sans alcool + arreter de boire + janvier sans alcool + arreter alcool,2018-2019,2018-12-26,2019-02-06
2019-01-24,0,Dry January,dry january + mois sans alcool + arreter de boire + janvier sans alcool + arreter alcool,2018-2019,2018-12-26,2019-02-06
2019-01-25,0,Dry January,dry january + mois sans alcool + arreter de boire + janvier sans alcool + arreter alcool,2018-2019,2018-12-26,2019-02-06
2019-01-26,0,Dry January,dry january + mois sans alcool + arreter de boire + janvier sans alcool + arreter alcool,2018-2019,2018-12-26,2019-02-06
2019-01-27,0,Dry January,dry january + mois sans alcool + arreter de boire + janvier sans alcool + arreter alcool,2018-2019,2018-12-26,2019-02-06
2019-01-28,0,Dry January,dry january + mois sans alcool + arreter de boire + janvier sans alcool + arreter alcool,2018-2019,2018-12-26,2019-02-06
2019-01-29,0,Dry January,dry january + mois sans alcool + arreter de boire + janvier sans alcool + arreter alcool,2018-2019,2018-12-26,2019-02-06
2019-01-30,0,Dry January,dry january + mois sans alcool + arreter de boire + janvier sans alcool + arreter alcool,2018-2019,2018-12-26,2019-02-06
2019-01-31,7,Dry January,dry january + mois sans alcool + arreter de boire + janvier sans alcool + arreter alcool,2018-2019,2018-12-26,2019-02-06
2019-02-01,8,Dry January,dry january + mois sans alcool + arreter de boire + janvier sans alcool + arreter alcool,2018-2019,2018-12-26,2019-02-06
2019-02-02,0,Dry January,dry january + mois sans alcool + arreter de boire + janvier sans alcool + arreter alcool,2018-2019,2018-12-26,2019-02-06
2019-02-03,0,Dry January,dry january + mois sans alcool + arreter de boire + janvier sans alcool + arreter alcool,2018-2019,2018-12-26,2019-02-06
2019-02-04,0,Dry January,dry january + mois sans alcool + arreter de boire + janvier sans alcool + arreter alcool,2018-2019,2018-12-26,2019-02-06
2019-02-05,0,Dry January,dry january + mois sans alcool + arreter de boire + janvier sans alcool + arreter alcool,2018-2019,2018-12-26,2019-02-06
2019-02-06,0,Dry January,dry january + mois sans alcool + arreter de boire + janvier sans alcool + arreter alcool,2018-2019,2018-12-26,2019-02-06
2019-12-26,8,Dry January,dry january + mois sans alcool + arreter de boire + janvier sans alcool + arreter alcool,2019-2020,2019-12-26,2020-02-06
2019-12-27,11,Dry January,dry january + mois sans alcool + arreter de boire + janvier sans alcool + arreter alcool,2019-2020,2019-12-26,2020-02-06
2019-12-28,7,Dry January,dry january + mois sans alcool + arreter de boire + janvier sans alcool + arreter alcool,2019-2020,2019-12-26,2020-02-06
2019-12-29,14,Dry January,dry january + mois sans alcool + arreter de boire + janvier sans alcool + arreter alcool,2019-2020,2019-12-26,2020-02-06
2019-12-30,25,Dry January,dry january + mois sans alcool + arreter de boire + janvier sans alcool + arreter alcool,2019-2020,2019-12-26,2020-02-06
2019-12-31,21,Dry January,dry january + mois sans alcool + arreter de boire + janvier sans alcool + arreter alcool,2019-2020,2019-12-26,2020-02-06
2020-01-01,100,Dry January,dry january + mois sans alcool + arreter de boire + janvier sans alcool + arreter alcool,2019-2020,2019-12-26,2020-02-06
2020-01-02,100,Dry January,dry january + mois sans alcool + arreter de boire + janvier sans alcool + arreter alcool,2019-2020,2019-12-26,2020-02-06
2020-01-03,71,Dry January,dry january + mois sans alcool + arreter de boire + janvier sans alcool + arreter alcool,2019-2020,2019-12-26,2020-02-06
2020-01-04,64,Dry January,dry january + mois sans alcool + arreter de boire + janvier sans alcool + arreter alcool,2019-2020,2019-12-26,2020-02-06
2020-01-05,42,Dry January,dry january + mois sans alcool + arreter de boire + janvier sans alcool + arreter alcool,2019-2020,2019-12-26,2020-02-06
2020-01-06,38,Dry January,dry january + mois sans alcool + arreter de boire + janvier sans alcool + arreter alcool,2019-2020,2019-12-26,2020-02-06
2020-01-07,29,Dry January,dry january + mois sans alcool + arreter de boire + janvier sans alcool + arreter alcool,2019-2020,2019-12-26,2020-02-06
2020-01-08,26,Dry January,dry january + mois sans alcool + arreter de boire + janvier sans alcool + arreter alcool,2019-2020,2019-12-26,2020-02-06
2020-01-09,23,Dry January,dry january + mois sans alcool + arreter de boire + janvier sans alcool + arreter alcool,2019-2020,2019-12-26,2020-02-06
2020-01-10,30,Dry January,dry january + mois sans alcool + arreter de boire + janvier sans alcool + arreter alcool,2019-2020,2019-12-26,2020-02-06
2020-01-11,20,Dry January,dry january + mois sans alcool + arreter de boire + janvier sans alcool + arreter alcool,2019-2020,2019-12-26,2020-02-06
2020-01-12,16,Dry January,dry january + mois sans alcool + arreter de boire + janvier sans alcool + arreter alcool,2019-2020,2019-12-26,2020-02-06
2020-01-13,15,Dry January,dry january + mois sans alcool + arreter de boire + janvier sans alcool + arreter alcool,2019-2020,2019-12-26,2020-02-06
2020-01-14,19,Dry January,dry january + mois sans alcool + arreter de boire + janvier sans alcool + arreter alcool,2019-2020,2019-12-26,2020-02-06
2020-01-15,16,Dry January,dry january + mois sans alcool + arreter de boire + janvier sans alcool + arreter alcool,2019-2020,2019-12-26,2020-02-06
2020-01-16,13,Dry January,dry january + mois sans alcool + arreter de boire + janvier sans alcool + arreter alcool,2019-2020,2019-12-26,2020-02-06
2020-01-17,18,Dry January,dry january + mois sans alcool + arreter de boire + janvier sans alcool + arreter alcool,2019-2020,2019-12-26,2020-02-06
2020-01-18,14,Dry January,dry january + mois sans alcool + arreter de boire + janvier sans alcool + arreter alcool,2019-2020,2019-12-26,2020-02-06
2020-01-19,14,Dry January,dry january + mois sans alcool + arreter de boire + janvier sans alcool + arreter alcool,2019-2020,2019-12-26,2020-02-06
2020-01-20,10,Dry January,dry january + mois sans alcool + arreter de boire + janvier sans alcool + arreter alcool,2019-2020,2019-12-26,2020-02-06
2020-01-21,11,Dry January,dry january + mois sans alcool + arreter de boire + janvier sans alcool + arreter alcool,2019-2020,2019-12-26,2020-02-06
2020-01-22,9,Dry January,dry january + mois sans alcool + arreter de boire + janvier sans alcool + arreter alcool,2019-2020,2019-12-26,2020-02-06
2020-01-23,11,Dry January,dry january + mois sans alcool + arreter de boire + janvier sans alcool + arreter alcool,2019-2020,2019-12-26,2020-02-06
2020-01-24,12,Dry January,dry january + mois sans alcool + arreter de boire + janvier sans alcool + arreter alcool,2019-2020,2019-12-26,2020-02-06
2020-01-25,13,Dry January,dry january + mois sans alcool + arreter de boire + janvier sans alcool + arreter alcool,2019-2020,2019-12-26,2020-02-06
2020-01-26,9,Dry January,dry january + mois sans alcool + arreter de boire + janvier sans alcool + arreter alcool,2019-2020,2019-12-26,2020-02-06
2020-01-27,9,Dry January,dry january + mois sans alcool + arreter de boire + janvier sans alcool + arreter alcool,2019-2020,2019-12-26,2020-02-06
2020-01-28,9,Dry January,dry january + mois sans alcool + arreter de boire + janvier sans alcool + arreter alcool,2019-2020,2019-12-26,2020-02-06
2020-01-29,9,Dry January,dry january + mois sans alcool + arreter de boire + janvier sans alcool + arreter alcool,2019-2020,2019-12-26,2020-02-06
2020-01-30,10,Dry January,dry january + mois sans alcool + arreter de boire + janvier sans alcool + arreter alcool,2019-2020,2019-12-26,2020-02-06
2020-01-31,8,Dry January,dry january + mois sans alcool + arreter de boire + janvier sans alcool + arreter alcool,2019-2020,2019-12-26,2020-02-06
2020-02-01,8,Dry January,dry january + mois sans alcool + arreter de boire + janvier sans alcool + arreter alcool,2019-2020,2019-12-26,2020-02-06
2020-02-02,11,Dry January,dry january + mois sans alcool + arreter de boire + janvier sans alcool + arreter alcool,2019-2020,2019-12-26,2020-02-06
2020-02-03,5,Dry January,dry january + mois sans alcool + arreter de boire + janvier sans alcool + arreter alcool,2019-2020,2019-12-26,2020-02-06
2020-02-04,7,Dry January,dry january + mois sans alcool + arreter de boire + janvier sans alcool + arreter alcool,2019-2020,2019-12-26,2020-02-06
2020-02-05,7,Dry January,dry january + mois sans alcool + arreter de boire + janvier sans alcool + arreter alcool,2019-2020,2019-12-26,2020-02-06
2020-02-06,5,Dry January,dry january + mois sans alcool + arreter de boire + janvier sans alcool + arreter alcool,2019-2020,2019-12-26,2020-02-06
2020-12-26,0,Dry January,dry january + mois sans alcool + arreter de boire + janvier sans alcool + arreter alcool,2020-2021,2020-12-26,2021-02-06
2020-12-27,10,Dry January,dry january + mois sans alcool + arreter de boire + janvier sans alcool + arreter alcool,2020-2021,2020-12-26,2021-02-06
2020-12-28,12,Dry January,dry january + mois sans alcool + arreter de boire + janvier sans alcool + arreter alcool,2020-2021,2020-12-26,2021-02-06
2020-12-29,9,Dry January,dry january + mois sans alcool + arreter de boire + janvier sans alcool + arreter alcool,2020-2021,2020-12-26,2021-02-06
2020-12-30,14,Dry January,dry january + mois sans alcool + arreter de boire + janvier sans alcool + arreter alcool,2020-2021,2020-12-26,2021-02-06
2020-12-31,18,Dry January,dry january + mois sans alcool + arreter de boire + janvier sans alcool + arreter alcool,2020-2021,2020-12-26,2021-02-06
2021-01-01,76,Dry January,dry january + mois sans alcool + arreter de boire + janvier sans alcool + arreter alcool,2020-2021,2020-12-26,2021-02-06
2021-01-02,88,Dry January,dry january + mois sans alcool + arreter de boire + janvier sans alcool + arreter alcool,2020-2021,2020-12-26,2021-02-06
2021-01-03,64,Dry January,dry january + mois sans alcool + arreter de boire + janvier sans alcool + arreter alcool,2020-2021,2020-12-26,2021-02-06
2021-01-04,100,Dry January,dry january + mois sans alcool + arreter de boire + janvier sans alcool + arreter alcool,2020-2021,2020-12-26,2021-02-06
2021-01-05,80,Dry January,dry january + mois sans alcool + arreter de boire + janvier sans alcool + arreter alcool,2020-2021,2020-12-26,2021-02-06
2021-01-06,52,Dry January,dry january + mois sans alcool + arreter de boire + janvier sans alcool + arreter alcool,2020-2021,2020-12-26,2021-02-06
2021-01-07,37,Dry January,dry january + mois sans alcool + arreter de boire + janvier sans alcool + arreter alcool,2020-2021,2020-12-26,2021-02-06
2021-01-08,41,Dry January,dry january + mois sans alcool + arreter de boire + janvier sans alcool + arreter alcool,2020-2021,2020-12-26,2021-02-06
2021-01-09,32,Dry January,dry january + mois sans alcool + arreter de boire + janvier sans alcool + arreter alcool,2020-2021,2020-12-26,2021-02-06
2021-01-10,28,Dry January,dry january + mois sans alcool + arreter de boire + janvier sans alcool + arreter alcool,2020-2021,2020-12-26,2021-02-06
2021-01-11,55,Dry January,dry january + mois sans alcool + arreter de boire + janvier sans alcool + arreter alcool,2020-2021,2020-12-26,2021-02-06
2021-01-12,25,Dry January,dry january + mois sans alcool + arreter de boire + janvier sans alcool + arreter alcool,2020-2021,2020-12-26,2021-02-06
2021-01-13,22,Dry January,dry january + mois sans alcool + arreter de boire + janvier sans alcool + arreter alcool,2020-2021,2020-12-26,2021-02-06
2021-01-14,22,Dry January,dry january + mois sans alcool + arreter de boire + janvier sans alcool + arreter alcool,2020-2021,2020-12-26,2021-02-06
2021-01-15,23,Dry January,dry january + mois sans alcool + arreter de boire + janvier sans alcool + arreter alcool,2020-2021,2020-12-26,2021-02-06
2021-01-16,18,Dry January,dry january + mois sans alcool + arreter de boire + janvier sans alcool + arreter alcool,2020-2021,2020-12-26,2021-02-06
2021-01-17,16,Dry January,dry january + mois sans alcool + arreter de boire + janvier sans alcool + arreter alcool,2020-2021,2020-12-26,2021-02-06
2021-01-18,10,Dry January,dry january + mois sans alcool + arreter de boire + janvier sans alcool + arreter alcool,2020-2021,2020-12-26,2021-02-06
2021-01-19,9,Dry January,dry january + mois sans alcool + arreter de boire + janvier sans alcool + arreter alcool,2020-2021,2020-12-26,2021-02-06
2021-01-20,9,Dry January,dry january + mois sans alcool + arreter de boire + janvier sans alcool + arreter alcool,2020-2021,2020-12-26,2021-02-06
2021-01-21,10,Dry January,dry january + mois sans alcool + arreter de boire + janvier sans alcool + arreter alcool,2020-2021,2020-12-26,2021-02-06
2021-01-22,17,Dry January,dry january + mois sans alcool + arreter de boire + janvier sans alcool + arreter alcool,2020-2021,2020-12-26,2021-02-06
2021-01-23,12,Dry January,dry january + mois sans alcool + arreter de boire + janvier sans alcool + arreter alcool,2020-2021,2020-12-26,2021-02-06
2021-01-24,11,Dry January,dry january + mois sans alcool + arreter de boire + janvier sans alcool + arreter alcool,2020-2021,2020-12-26,2021-02-06
2021-01-25,0,Dry January,dry january + mois sans alcool + arreter de boire + janvier sans alcool + arreter alcool,2020-2021,2020-12-26,2021-02-06
2021-01-26,0,Dry January,dry january + mois sans alcool + arreter de boire + janvier sans alcool + arreter alcool,2020-2021,2020-12-26,2021-02-06
2021-01-27,9,Dry January,dry january + mois sans alcool + arreter de boire + janvier sans alcool + arreter alcool,2020-2021,2020-12-26,2021-02-06
2021-01-28,10,Dry January,dry january + mois sans alcool + arreter de boire + janvier sans alcool + arreter alcool,2020-2021,2020-12-26,2021-02-06
2021-01-29,0,Dry January,dry january + mois sans alcool + arreter de boire + janvier sans alcool + arreter alcool,2020-2021,2020-12-26,2021-02-06
2021-01-30,9,Dry January,dry january + mois sans alcool + arreter de boire + janvier sans alcool + arreter alcool,2020-2021,2020-12-26,2021-02-06
2021-01-31,16,Dry January,dry january + mois sans alcool + arreter de boire + janvier sans alcool + arreter alcool,2020-2021,2020-12-26,2021-02-06
2021-02-01,13,Dry January,dry january + mois sans alcool + arreter de boire + janvier sans alcool + arreter alcool,2020-2021,2020-12-26,2021-02-06
2021-02-02,0,Dry January,dry january + mois sans alcool + arreter de boire + janvier sans alcool + arreter alcool,2020-2021,2020-12-26,2021-02-06
2021-02-03,0,Dry January,dry january + mois sans alcool + arreter de boire + janvier sans alcool + arreter alcool,2020-2021,2020-12-26,2021-02-06
2021-02-04,0,Dry January,dry january + mois sans alcool + arreter de boire + janvier sans alcool + arreter alcool,2020-2021,2020-12-26,2021-02-06
2021-02-05,0,Dry January,dry january + mois sans alcool + arreter de boire + janvier sans alcool + arreter alcool,2020-2021,2020-12-26,2021-02-06
2021-02-06,0,Dry January,dry january + mois sans alcool + arreter de boire + janvier sans alcool + arreter alcool,2020-2021,2020-12-26,2021-02-06
2021-12-26,0,Dry January,dry january + mois sans alcool + arreter de boire + janvier sans alcool + arreter alcool,2021-2022,2021-12-26,2022-02-06
2021-12-27,0,Dry January,dry january + mois sans alcool + arreter de boire + janvier sans alcool + arreter alcool,2021-2022,2021-12-26,2022-02-06
2021-12-28,8,Dry January,dry january + mois sans alcool + arreter de boire + janvier sans alcool + arreter alcool,2021-2022,2021-12-26,2022-02-06
2021-12-29,0,Dry January,dry january + mois sans alcool + arreter de boire + janvier sans alcool + arreter alcool,2021-2022,2021-12-26,2022-02-06
2021-12-30,11,Dry January,dry january + mois sans alcool + arreter de boire + janvier sans alcool + arreter alcool,2021-2022,2021-12-26,2022-02-06
2021-12-31,14,Dry January,dry january + mois sans alcool + arreter de boire + janvier sans alcool + arreter alcool,2021-2022,2021-12-26,2022-02-06
2022-01-01,100,Dry January,dry january + mois sans alcool + arreter de boire + janvier sans alcool + arreter alcool,2021-2022,2021-12-26,2022-02-06
2022-01-02,85,Dry January,dry january + mois sans alcool + arreter de boire + janvier sans alcool + arreter alcool,2021-2022,2021-12-26,2022-02-06
2022-01-03,76,Dry January,dry january + mois sans alcool + arreter de boire + janvier sans alcool + arreter alcool,2021-2022,2021-12-26,2022-02-06
2022-01-04,61,Dry January,dry january + mois sans alcool + arreter de boire + janvier sans alcool + arreter alcool,2021-2022,2021-12-26,2022-02-06
2022-01-05,53,Dry January,dry january + mois sans alcool + arreter de boire + janvier sans alcool + arreter alcool,2021-2022,2021-12-26,2022-02-06
2022-01-06,39,Dry January,dry january + mois sans alcool + arreter de boire + janvier sans alcool + arreter alcool,2021-2022,2021-12-26,2022-02-06
2022-01-07,34,Dry January,dry january + mois sans alcool + arreter de boire + janvier sans alcool + arreter alcool,2021-2022,2021-12-26,2022-02-06
2022-01-08,31,Dry January,dry january + mois sans alcool + arreter de boire + janvier sans alcool + arreter alcool,2021-2022,2021-12-26,2022-02-06
2022-01-09,24,Dry January,dry january + mois sans alcool + arreter de boire + janvier sans alcool + arreter alcool,2021-2022,2021-12-26,2022-02-06
2022-01-10,18,Dry January,dry january + mois sans alcool + arreter de boire + janvier sans alcool + arreter alcool,2021-2022,2021-12-26,2022-02-06
2022-01-11,21,Dry January,dry january + mois sans alcool + arreter de boire + janvier sans alcool + arreter alcool,2021-2022,2021-12-26,2022-02-06
2022-01-12,13,Dry January,dry january + mois sans alcool + arreter de boire + janvier sans alcool + arreter alcool,2021-2022,2021-12-26,2022-02-06
2022-01-13,11,Dry January,dry january + mois sans alcool + arreter de boire + janvier sans alcool + arreter alcool,2021-2022,2021-12-26,2022-02-06
2022-01-14,13,Dry January,dry january + mois sans alcool + arreter de boire + janvier sans alcool + arreter alcool,2021-2022,2021-12-26,2022-02-06
2022-01-15,10,Dry January,dry january + mois sans alcool + arreter de boire + janvier sans alcool + arreter alcool,2021-2022,2021-12-26,2022-02-06
2022-01-16,11,Dry January,dry january + mois sans alcool + arreter de boire + janvier sans alcool + arreter alcool,2021-2022,2021-12-26,2022-02-06
2022-01-17,13,Dry January,dry january + mois sans alcool + arreter de boire + janvier sans alcool + arreter alcool,2021-2022,2021-12-26,2022-02-06
2022-01-18,11,Dry January,dry january + mois sans alcool + arreter de boire + janvier sans alcool + arreter alcool,2021-2022,2021-12-26,2022-02-06
2022-01-19,11,Dry January,dry january + mois sans alcool + arreter de boire + janvier sans alcool + arreter alcool,2021-2022,2021-12-26,2022-02-06
2022-01-20,13,Dry January,dry january + mois sans alcool + arreter de boire + janvier sans alcool + arreter alcool,2021-2022,2021-12-26,2022-02-06
2022-01-21,11,Dry January,dry january + mois sans alcool + arreter de boire + janvier sans alcool + arreter alcool,2021-2022,2021-12-26,2022-02-06
2022-01-22,11,Dry January,dry january + mois sans alcool + arreter de boire + janvier sans alcool + arreter alcool,2021-2022,2021-12-26,2022-02-06
2022-01-23,8,Dry January,dry january + mois sans alcool + arreter de boire + janvier sans alcool + arreter alcool,2021-2022,2021-12-26,2022-02-06
2022-01-24,7,Dry January,dry january + mois sans alcool + arreter de boire + janvier sans alcool + arreter alcool,2021-2022,2021-12-26,2022-02-06
2022-01-25,7,Dry January,dry january + mois sans alcool + arreter de boire + janvier sans alcool + arreter alcool,2021-2022,2021-12-26,2022-02-06
2022-01-26,0,Dry January,dry january + mois sans alcool + arreter de boire + janvier sans alcool + arreter alcool,2021-2022,2021-12-26,2022-02-06
2022-01-27,8,Dry January,dry january + mois sans alcool + arreter de boire + janvier sans alcool + arreter alcool,2021-2022,2021-12-26,2022-02-06
2022-01-28,7,Dry January,dry january + mois sans alcool + arreter de boire + janvier sans alcool + arreter alcool,2021-2022,2021-12-26,2022-02-06
2022-01-29,0,Dry January,dry january + mois sans alcool + arreter de boire + janvier sans alcool + arreter alcool,2021-2022,2021-12-26,2022-02-06
2022-01-30,12,Dry January,dry january + mois sans alcool + arreter de boire + janvier sans alcool + arreter alcool,2021-2022,2021-12-26,2022-02-06
2022-01-31,12,Dry January,dry january + mois sans alcool + arreter de boire + janvier sans alcool + arreter alcool,2021-2022,2021-12-26,2022-02-06
2022-02-01,21,Dry January,dry january + mois sans alcool + arreter de boire + janvier sans alcool + arreter alcool,2021-2022,2021-12-26,2022-02-06
2022-02-02,8,Dry January,dry january + mois sans alcool + arreter de boire + janvier sans alcool + arreter alcool,2021-2022,2021-12-26,2022-02-06
2022-02-03,0,Dry January,dry january + mois sans alcool + arreter de boire + janvier sans alcool + arreter alcool,2021-2022,2021-12-26,2022-02-06
2022-02-04,0,Dry January,dry january + mois sans alcool + arreter de boire + janvier sans alcool + arreter alcool,2021-2022,2021-12-26,2022-02-06
2022-02-05,0,Dry January,dry january + mois sans alcool + arreter de boire + janvier sans alcool + arreter alcool,2021-2022,2021-12-26,2022-02-06
2022-02-06,0,Dry January,dry january + mois sans alcool + arreter de boire + janvier sans alcool + arreter alcool,2021-2022,2021-12-26,2022-02-06
2022-12-26,9,Dry January,dry january + mois sans alcool + arreter de boire + janvier sans alcool + arreter alcool,2022-2023,2022-12-26,2023-02-06
2022-12-27,8,Dry January,dry january + mois sans alcool + arreter de boire + janvier sans alcool + arreter alcool,2022-2023,2022-12-26,2023-02-06
2022-12-28,8,Dry January,dry january + mois sans alcool + arreter de boire + janvier sans alcool + arreter alcool,2022-2023,2022-12-26,2023-02-06
2022-12-29,13,Dry January,dry january + mois sans alcool + arreter de boire + janvier sans alcool + arreter alcool,2022-2023,2022-12-26,2023-02-06
2022-12-30,20,Dry January,dry january + mois sans alcool + arreter de boire + janvier sans alcool + arreter alcool,2022-2023,2022-12-26,2023-02-06
2022-12-31,24,Dry January,dry january + mois sans alcool + arreter de boire + janvier sans alcool + arreter alcool,2022-2023,2022-12-26,2023-02-06
2023-01-01,80,Dry January,dry january + mois sans alcool + arreter de boire + janvier sans alcool + arreter alcool,2022-2023,2022-12-26,2023-02-06
2023-01-02,100,Dry January,dry january + mois sans alcool + arreter de boire + janvier sans alcool + arreter alcool,2022-2023,2022-12-26,2023-02-06
2023-01-03,69,Dry January,dry january + mois sans alcool + arreter de boire + janvier sans alcool + arreter alcool,2022-2023,2022-12-26,2023-02-06
2023-01-04,60,Dry January,dry january + mois sans alcool + arreter de boire + janvier sans alcool + arreter alcool,2022-2023,2022-12-26,2023-02-06
2023-01-05,59,Dry January,dry january + mois sans alcool + arreter de boire + janvier sans alcool + arreter alcool,2022-2023,2022-12-26,2023-02-06
2023-01-06,56,Dry January,dry january + mois sans alcool + arreter de boire + janvier sans alcool + arreter alcool,2022-2023,2022-12-26,2023-02-06
2023-01-07,67,Dry January,dry january + mois sans alcool + arreter de boire + janvier sans alcool + arreter alcool,2022-2023,2022-12-26,2023-02-06
2023-01-08,43,Dry January,dry january + mois sans alcool + arreter de boire + janvier sans alcool + arreter alcool,2022-2023,2022-12-26,2023-02-06
2023-01-09,47,Dry January,dry january + mois sans alcool + arreter de boire + janvier sans alcool + arreter alcool,2022-2023,2022-12-26,2023-02-06
2023-01-10,27,Dry January,dry january + mois sans alcool + arreter de boire + janvier sans alcool + arreter alcool,2022-2023,2022-12-26,2023-02-06
2023-01-11,22,Dry January,dry january + mois sans alcool + arreter de boire + janvier sans alcool + arreter alcool,2022-2023,2022-12-26,2023-02-06
2023-01-12,23,Dry January,dry january + mois sans alcool + arreter de boire + janvier sans alcool + arreter alcool,2022-2023,2022-12-26,2023-02-06
2023-01-13,22,Dry January,dry january + mois sans alcool + arreter de boire + janvier sans alcool + arreter alcool,2022-2023,2022-12-26,2023-02-06
2023-01-14,21,Dry January,dry january + mois sans alcool + arreter de boire + janvier sans alcool + arreter alcool,2022-2023,2022-12-26,2023-02-06
2023-01-15,24,Dry January,dry january + mois sans alcool + arreter de boire + janvier sans alcool + arreter alcool,2022-2023,2022-12-26,2023-02-06
2023-01-16,17,Dry January,dry january + mois sans alcool + arreter de boire + janvier sans alcool + arreter alcool,2022-2023,2022-12-26,2023-02-06
2023-01-17,15,Dry January,dry january + mois sans alcool + arreter de boire + janvier sans alcool + arreter alcool,2022-2023,2022-12-26,2023-02-06
2023-01-18,12,Dry January,dry january + mois sans alcool + arreter de boire + janvier sans alcool + arreter alcool,2022-2023,2022-12-26,2023-02-06
2023-01-19,16,Dry January,dry january + mois sans alcool + arreter de boire + janvier sans alcool + arreter alcool,2022-2023,2022-12-26,2023-02-06
2023-01-20,11,Dry January,dry january + mois sans alcool + arreter de boire + janvier sans alcool + arreter alcool,2022-2023,2022-12-26,2023-02-06
2023-01-21,11,Dry January,dry january + mois sans alcool + arreter de boire + janvier sans alcool + arreter alcool,2022-2023,2022-12-26,2023-02-06
2023-01-22,16,Dry January,dry january + mois sans alcool + arreter de boire + janvier sans alcool + arreter alcool,2022-2023,2022-12-26,2023-02-06
2023-01-23,15,Dry January,dry january + mois sans alcool + arreter de boire + janvier sans alcool + arreter alcool,2022-2023,2022-12-26,2023-02-06
2023-01-24,10,Dry January,dry january + mois sans alcool + arreter de boire + janvier sans alcool + arreter alcool,2022-2023,2022-12-26,2023-02-06
2023-01-25,9,Dry January,dry january + mois sans alcool + arreter de boire + janvier sans alcool + arreter alcool,2022-2023,2022-12-26,2023-02-06
2023-01-26,13,Dry January,dry january + mois sans alcool + arreter de boire + janvier sans alcool + arreter alcool,2022-2023,2022-12-26,2023-02-06
2023-01-27,14,Dry January,dry january + mois sans alcool + arreter de boire + janvier sans alcool + arreter alcool,2022-2023,2022-12-26,2023-02-06
2023-01-28,11,Dry January,dry january + mois sans alcool + arreter de boire + janvier sans alcool + arreter alcool,2022-2023,2022-12-26,2023-02-06
2023-01-29,15,Dry January,dry january + mois sans alcool + arreter de boire + janvier sans alcool + arreter alcool,2022-2023,2022-12-26,2023-02-06
2023-01-30,19,Dry January,dry january + mois sans alcool + arreter de boire + janvier sans alcool + arreter alcool,2022-2023,2022-12-26,2023-02-06
2023-01-31,24,Dry January,dry january + mois sans alcool + arreter de boire + janvier sans alcool + arreter alcool,2022-2023,2022-12-26,2023-02-06
2023-02-01,18,Dry January,dry january + mois sans alcool + arreter de boire + janvier sans alcool + arreter alcool,2022-2023,2022-12-26,2023-02-06
2023-02-02,10,Dry January,dry january + mois sans alcool + arreter de boire + janvier sans alcool + arreter alcool,2022-2023,2022-12-26,2023-02-06
2023-02-03,7,Dry January,dry january + mois sans alcool + arreter de boire + janvier sans alcool + arreter alcool,2022-2023,2022-12-26,2023-02-06
2023-02-04,9,Dry January,dry january + mois sans alcool + arreter de boire + janvier sans alcool + arreter alcool,2022-2023,2022-12-26,2023-02-06
2023-02-05,7,Dry January,dry january + mois sans alcool + arreter de boire + janvier sans alcool + arreter alcool,2022-2023,2022-12-26,2023-02-06
2023-02-06,8,Dry January,dry january + mois sans alcool + arreter de boire + janvier sans alcool + arreter alcool,2022-2023,2022-12-26,2023-02-06
2023-12-26,8,Dry January,dry january + mois sans alcool + arreter de boire + janvier sans alcool + arreter alcool,2023-2024,2023-12-26,2024-02-06
2023-12-27,7,Dry January,dry january + mois sans alcool + arreter de boire + janvier sans alcool + arreter alcool,2023-2024,2023-12-26,2024-02-06
2023-12-28,14,Dry January,dry january + mois sans alcool + arreter de boire + janvier sans alcool + arreter alcool,2023-2024,2023-12-26,2024-02-06
2023-12-29,59,Dry January,dry january + mois sans alcool + arreter de boire + janvier sans alcool + arreter alcool,2023-2024,2023-12-26,2024-02-06
2023-12-30,23,Dry January,dry january + mois sans alcool + arreter de boire + janvier sans alcool + arreter alcool,2023-2024,2023-12-26,2024-02-06
2023-12-31,27,Dry January,dry january + mois sans alcool + arreter de boire + janvier sans alcool + arreter alcool,2023-2024,2023-12-26,2024-02-06
2024-01-01,100,Dry January,dry january + mois sans alcool + arreter de boire + janvier sans alcool + arreter alcool,2023-2024,2023-12-26,2024-02-06
2024-01-02,97,Dry January,dry january + mois sans alcool + arreter de boire + janvier sans alcool + arreter alcool,2023-2024,2023-12-26,2024-02-06
2024-01-03,65,Dry January,dry january + mois sans alcool + arreter de boire + janvier sans alcool + arreter alcool,2023-2024,2023-12-26,2024-02-06
2024-01-04,51,Dry January,dry january + mois sans alcool + arreter de boire + janvier sans alcool + arreter alcool,2023-2024,2023-12-26,2024-02-06
2024-01-05,53,Dry January,dry january + mois sans alcool + arreter de boire + janvier sans alcool + arreter alcool,2023-2024,2023-12-26,2024-02-06
2024-01-06,57,Dry January,dry january + mois sans alcool + arreter de boire + janvier sans alcool + arreter alcool,2023-2024,2023-12-26,2024-02-06
2024-01-07,51,Dry January,dry january + mois sans alcool + arreter de boire + janvier sans alcool + arreter alcool,2023-2024,2023-12-26,2024-02-06
2024-01-08,39,Dry January,dry january + mois sans alcool + arreter de boire + janvier sans alcool + arreter alcool,2023-2024,2023-12-26,2024-02-06
2024-01-09,37,Dry January,dry january + mois sans alcool + arreter de boire + janvier sans alcool + arreter alcool,2023-2024,2023-12-26,2024-02-06
2024-01-10,28,Dry January,dry january + mois sans alcool + arreter de boire + janvier sans alcool + arreter alcool,2023-2024,2023-12-26,2024-02-06
2024-01-11,33,Dry January,dry january + mois sans alcool + arreter de boire + janvier sans alcool + arreter alcool,2023-2024,2023-12-26,2024-02-06
2024-01-12,36,Dry January,dry january + mois sans alcool + arreter de boire + janvier sans alcool + arreter alcool,2023-2024,2023-12-26,2024-02-06
2024-01-13,25,Dry January,dry january + mois sans alcool + arreter de boire + janvier sans alcool + arreter alcool,2023-2024,2023-12-26,2024-02-06
2024-01-14,22,Dry January,dry january + mois sans alcool + arreter de boire + janvier sans alcool + arreter alcool,2023-2024,2023-12-26,2024-02-06
2024-01-15,18,Dry January,dry january + mois sans alcool + arreter de boire + janvier sans alcool + arreter alcool,2023-2024,2023-12-26,2024-02-06
2024-01-16,15,Dry January,dry january + mois sans alcool + arreter de boire + janvier sans alcool + arreter alcool,2023-2024,2023-12-26,2024-02-06
2024-01-17,11,Dry January,dry january + mois sans alcool + arreter de boire + janvier sans alcool + arreter alcool,2023-2024,2023-12-26,2024-02-06
2024-01-18,14,Dry January,dry january + mois sans alcool + arreter de boire + janvier sans alcool + arreter alcool,2023-2024,2023-12-26,2024-02-06
2024-01-19,12,Dry January,dry january + mois sans alcool + arreter de boire + janvier sans alcool + arreter alcool,2023-2024,2023-12-26,2024-02-06
2024-01-20,14,Dry January,dry january + mois sans alcool + arreter de boire + janvier sans alcool + arreter alcool,2023-2024,2023-12-26,2024-02-06
2024-01-21,10,Dry January,dry january + mois sans alcool + arreter de boire + janvier sans alcool + arreter alcool,2023-2024,2023-12-26,2024-02-06
2024-01-22,7,Dry January,dry january + mois sans alcool + arreter de boire + janvier sans alcool + arreter alcool,2023-2024,2023-12-26,2024-02-06
2024-01-23,6,Dry January,dry january + mois sans alcool + arreter de boire + janvier sans alcool + arreter alcool,2023-2024,2023-12-26,2024-02-06
2024-01-24,9,Dry January,dry january + mois sans alcool + arreter de boire + janvier sans alcool + arreter alcool,2023-2024,2023-12-26,2024-02-06
2024-01-25,9,Dry January,dry january + mois sans alcool + arreter de boire + janvier sans alcool + arreter alcool,2023-2024,2023-12-26,2024-02-06
2024-01-26,9,Dry January,dry january + mois sans alcool + arreter de boire + janvier sans alcool + arreter alcool,2023-2024,2023-12-26,2024-02-06
2024-01-27,7,Dry January,dry january + mois sans alcool + arreter de boire + janvier sans alcool + arreter alcool,2023-2024,2023-12-26,2024-02-06
2024-01-28,8,Dry January,dry january + mois sans alcool + arreter de boire + janvier sans alcool + arreter alcool,2023-2024,2023-12-26,2024-02-06
2024-01-29,9,Dry January,dry january + mois sans alcool + arreter de boire + janvier sans alcool + arreter alcool,2023-2024,2023-12-26,2024-02-06
2024-01-30,9,Dry January,dry january + mois sans alcool + arreter de boire + janvier sans alcool + arreter alcool,2023-2024,2023-12-26,2024-02-06
2024-01-31,11,Dry January,dry january + mois sans alcool + arreter de boire + janvier sans alcool + arreter alcool,2023-2024,2023-12-26,2024-02-06
2024-02-01,10,Dry January,dry january + mois sans alcool + arreter de boire + janvier sans alcool + arreter alcool,2023-2024,2023-12-26,2024-02-06
2024-02-02,9,Dry January,dry january + mois sans alcool + arreter de boire + janvier sans alcool + arreter alcool,2023-2024,2023-12-26,2024-02-06
2024-02-03,5,Dry January,dry january + mois sans alcool + arreter de boire + janvier sans alcool + arreter alcool,2023-2024,2023-12-26,2024-02-06
2024-02-04,7,Dry January,dry january + mois sans alcool + arreter de boire + janvier sans alcool + arreter alcool,2023-2024,2023-12-26,2024-02-06
2024-02-05,5,Dry January,dry january + mois sans alcool + arreter de boire + janvier sans alcool + arreter alcool,2023-2024,2023-12-26,2024-02-06
2024-02-06,6,Dry January,dry january + mois sans alcool + arreter de boire + janvier sans alcool + arreter alcool,2023-2024,2023-12-26,2024-02-06
2024-12-26,8,Dry January,dry january + mois sans alcool + arreter de boire + janvier sans alcool + arreter alcool,2024-2025,2024-12-26,2025-02-06
2024-12-27,16,Dry January,dry january + mois sans alcool + arreter de boire + janvier sans alcool + arreter alcool,2024-2025,2024-12-26,2025-02-06
2024-12-28,14,Dry January,dry january + mois sans alcool + arreter de boire + janvier sans alcool + arreter alcool,2024-2025,2024-12-26,2025-02-06
2024-12-29,19,Dry January,dry january + mois sans alcool + arreter de boire + janvier sans alcool + arreter alcool,2024-2025,2024-12-26,2025-02-06
2024-12-30,17,Dry January,dry january + mois sans alcool + arreter de boire + janvier sans alcool + arreter alcool,2024-2025,2024-12-26,2025-02-06
2024-12-31,28,Dry January,dry january + mois sans alcool + arreter de boire + janvier sans alcool + arreter alcool,2024-2025,2024-12-26,2025-02-06
2025-01-01,81,Dry January,dry january + mois sans alcool + arreter de boire + janvier sans alcool + arreter alcool,2024-2025,2024-12-26,2025-02-06
2025-01-02,100,Dry January,dry january + mois sans alcool + arreter de boire + janvier sans alcool + arreter alcool,2024-2025,2024-12-26,2025-02-06
2025-01-03,58,Dry January,dry january + mois sans alcool + arreter de boire + janvier sans alcool + arreter alcool,2024-2025,2024-12-26,2025-02-06
2025-01-04,50,Dry January,dry january + mois sans alcool + arreter de boire + janvier sans alcool + arreter alcool,2024-2025,2024-12-26,2025-02-06
2025-01-05,68,Dry January,dry january + mois sans alcool + arreter de boire + janvier sans alcool + arreter alcool,2024-2025,2024-12-26,2025-02-06
2025-01-06,70,Dry January,dry january + mois sans alcool + arreter de boire + janvier sans alcool + arreter alcool,2024-2025,2024-12-26,2025-02-06
2025-01-07,57,Dry January,dry january + mois sans alcool + arreter de boire + janvier sans alcool + arreter alcool,2024-2025,2024-12-26,2025-02-06
2025-01-08,42,Dry January,dry january + mois sans alcool + arreter de boire + janvier sans alcool + arreter alcool,2024-2025,2024-12-26,2025-02-06
2025-01-09,34,Dry January,dry january + mois sans alcool + arreter de boire + janvier sans alcool + arreter alcool,2024-2025,2024-12-26,2025-02-06
2025-01-10,35,Dry January,dry january + mois sans alcool + arreter de boire + janvier sans alcool + arreter alcool,2024-2025,2024-12-26,2025-02-06
2025-01-11,30,Dry January,dry january + mois sans alcool + arreter de boire + janvier sans alcool + arreter alcool,2024-2025,2024-12-26,2025-02-06
2025-01-12,31,Dry January,dry january + mois sans alcool + arreter de boire + janvier sans alcool + arreter alcool,2024-2025,2024-12-26,2025-02-06
2025-01-13,25,Dry January,dry january + mois sans alcool + arreter de boire + janvier sans alcool + arreter alcool,2024-2025,2024-12-26,2025-02-06
2025-01-14,26,Dry January,dry january + mois sans alcool + arreter de boire + janvier sans alcool + arreter alcool,2024-2025,2024-12-26,2025-02-06
2025-01-15,20,Dry January,dry january + mois sans alcool + arreter de boire + janvier sans alcool + arreter alcool,2024-2025,2024-12-26,2025-02-06
2025-01-16,20,Dry January,dry january + mois sans alcool + arreter de boire + janvier sans alcool + arreter alcool,2024-2025,2024-12-26,2025-02-06
2025-01-17,21,Dry January,dry january + mois sans alcool + arreter de boire + janvier sans alcool + arreter alcool,2024-2025,2024-12-26,2025-02-06
2025-01-18,19,Dry January,dry january + mois sans alcool + arreter de boire + janvier sans alcool + arreter alcool,2024-2025,2024-12-26,2025-02-06
2025-01-19,16,Dry January,dry january + mois sans alcool + arreter de boire + janvier sans alcool + arreter alcool,2024-2025,2024-12-26,2025-02-06
2025-01-20,14,Dry January,dry january + mois sans alcool + arreter de boire + janvier sans alcool + arreter alcool,2024-2025,2024-12-26,2025-02-06
2025-01-21,14,Dry January,dry january + mois sans alcool + arreter de boire + janvier sans alcool + arreter alcool,2024-2025,2024-12-26,2025-02-06
2025-01-22,11,Dry January,dry january + mois sans alcool + arreter de boire + janvier sans alcool + arreter alcool,2024-2025,2024-12-26,2025-02-06
2025-01-23,14,Dry January,dry january + mois sans alcool + arreter de boire + janvier sans alcool + arreter alcool,2024-2025,2024-12-26,2025-02-06
2025-01-24,15,Dry January,dry january + mois sans alcool + arreter de boire + janvier sans alcool + arreter alcool,2024-2025,2024-12-26,2025-02-06
2025-01-25,19,Dry January,dry january + mois sans alcool + arreter de boire + janvier sans alcool + arreter alcool,2024-2025,2024-12-26,2025-02-06
2025-01-26,14,Dry January,dry january + mois sans alcool + arreter de boire + janvier sans alcool + arreter alcool,2024-2025,2024-12-26,2025-02-06
2025-01-27,16,Dry January,dry january + mois sans alcool + arreter de boire + janvier sans alcool + arreter alcool,2024-2025,2024-12-26,2025-02-06
2025-01-28,11,Dry January,dry january + mois sans alcool + arreter de boire + janvier sans alcool + arreter alcool,2024-2025,2024-12-26,2025-02-06
2025-01-29,8,Dry January,dry january + mois sans alcool + arreter de boire + janvier sans alcool + arreter alcool,2024-2025,2024-12-26,2025-02-06
2025-01-30,12,Dry January,dry january + mois sans alcool + arreter de boire + janvier sans alcool + arreter alcool,2024-2025,2024-12-26,2025-02-06
2025-01-31,23,Dry January,dry january + mois sans alcool + arreter de boire + janvier sans alcool + arreter alcool,2024-2025,2024-12-26,2025-02-06
2025-02-01,15,Dry January,dry january + mois sans alcool + arreter de boire + janvier sans alcool + arreter alcool,2024-2025,2024-12-26,2025-02-06
2025-02-02,11,Dry January,dry january + mois sans alcool + arreter de boire + janvier sans alcool + arreter alcool,2024-2025,2024-12-26,2025-02-06
2025-02-03,10,Dry January,dry january + mois sans alcool + arreter de boire + janvier sans alcool + arreter alcool,2024-2025,2024-12-26,2025-02-06
2025-02-04,8,Dry January,dry january + mois sans alcool + arreter de boire + janvier sans alcool + arreter alcool,2024-2025,2024-12-26,2025-02-06
2025-02-05,7,Dry January,dry january + mois sans alcool + arreter de boire + janvier sans alcool + arreter alcool,2024-2025,2024-12-26,2025-02-06
2025-02-06,7,Dry January,dry january + mois sans alcool + arreter de boire + janvier sans alcool + arreter alcool,2024-2025,2024-12-26,2025-02-06
2025-12-26,0,Dry January,dry january + mois sans alcool + arreter de boire + janvier sans alcool + arreter alcool,2025-2026,2025-12-26,2026-02-06
2025-12-27,20,Dry January,dry january + mois sans alcool + arreter de boire + janvier sans alcool + arreter alcool,2025-2026,2025-12-26,2026-02-06
2025-12-28,26,Dry January,dry january + mois sans alcool + arreter de boire + janvier sans alcool + arreter alcool,2025-2026,2025-12-26,2026-02-06
2025-12-29,11,Dry January,dry january + mois sans alcool + arreter de boire + janvier sans alcool + arreter alcool,2025-2026,2025-12-26,2026-02-06
2025-12-30,24,Dry January,dry january + mois sans alcool + arreter de boire + janvier sans alcool + arreter alcool,2025-2026,2025-12-26,2026-02-06
2025-12-31,33,Dry January,dry january + mois sans alcool + arreter de boire + janvier sans alcool + arreter alcool,2025-2026,2025-12-26,2026-02-06
2026-01-01,100,Dry January,dry january + mois sans alcool + arreter de boire + janvier sans alcool + arreter alcool,2025-2026,2025-12-26,2026-02-06
2026-01-02,97,Dry January,dry january + mois sans alcool + arreter de boire + janvier sans alcool + arreter alcool,2025-2026,2025-12-26,2026-02-06
2026-01-03,82,Dry January,dry january + mois sans alcool + arreter de boire + janvier sans alcool + arreter alcool,2025-2026,2025-12-26,2026-02-06
2026-01-04,69,Dry January,dry january + mois sans alcool + arreter de boire + janvier sans alcool + arreter alcool,2025-2026,2025-12-26,2026-02-06
2026-01-05,64,Dry January,dry january + mois sans alcool + arreter de boire + janvier sans alcool + arreter alcool,2025-2026,2025-12-26,2026-02-06
2026-01-06,52,Dry January,dry january + mois sans alcool + arreter de boire + janvier sans alcool + arreter alcool,2025-2026,2025-12-26,2026-02-06
2026-01-07,52,Dry January,dry january + mois sans alcool + arreter de boire + janvier sans alcool + arreter alcool,2025-2026,2025-12-26,2026-02-06
2026-01-08,52,Dry January,dry january + mois sans alcool + arreter de boire + janvier sans alcool + arreter alcool,2025-2026,2025-12-26,2026-02-06
2026-01-09,45,Dry January,dry january + mois sans alcool + arreter de boire + janvier sans alcool + arreter alcool,2025-2026,2025-12-26,2026-02-06
2026-01-10,50,Dry January,dry january + mois sans alcool + arreter de boire + janvier sans alcool + arreter alcool,2025-2026,2025-12-26,2026-02-06
2026-01-11,56,Dry January,dry january + mois sans alcool + arreter de boire + janvier sans alcool + arreter alcool,2025-2026,2025-12-26,2026-02-06
2026-01-12,42,Dry January,dry january + mois sans alcool + arreter de boire + janvier sans alcool + arreter alcool,2025-2026,2025-12-26,2026-02-06
2026-01-13,47,Dry January,dry january + mois sans alcool + arreter de boire + janvier sans alcool + arreter alcool,2025-2026,2025-12-26,2026-02-06
2026-01-14,34,Dry January,dry january + mois sans alcool + arreter de boire + janvier sans alcool + arreter alcool,2025-2026,2025-12-26,2026-02-06
2026-01-15,34,Dry January,dry january + mois sans alcool + arreter de boire + janvier sans alcool + arreter alcool,2025-2026,2025-12-26,2026-02-06
2026-01-16,42,Dry January,dry january + mois sans alcool + arreter de boire + janvier sans alcool + arreter alcool,2025-2026,2025-12-26,2026-02-06
2026-01-17,37,Dry January,dry january + mois sans alcool + arreter de boire + janvier sans alcool + arreter alcool,2025-2026,2025-12-26,2026-02-06
2026-01-18,45,Dry January,dry january + mois sans alcool + arreter de boire + janvier sans alcool + arreter alcool,2025-2026,2025-12-26,2026-02-06
2026-01-19,38,Dry January,dry january + mois sans alcool + arreter de boire + janvier sans alcool + arreter alcool,2025-2026,2025-12-26,2026-02-06
2026-01-20,36,Dry January,dry january + mois sans alcool + arreter de boire + janvier sans alcool + arreter alcool,2025-2026,2025-12-26,2026-02-06
2026-01-21,32,Dry January,dry january + mois sans alcool + arreter de boire + janvier sans alcool + arreter alcool,2025-2026,2025-12-26,2026-02-06
2026-01-22,31,Dry January,dry january + mois sans alcool + arreter de boire + janvier sans alcool + arreter alcool,2025-2026,2025-12-26,2026-02-06
2026-01-23,32,Dry January,dry january + mois sans alcool + arreter de boire + janvier sans alcool + arreter alcool,2025-2026,2025-12-26,2026-02-06
2026-01-24,28,Dry January,dry january + mois sans alcool + arreter de boire + janvier sans alcool + arreter alcool,2025-2026,2025-12-26,2026-02-06
2026-01-25,35,Dry January,dry january + mois sans alcool + arreter de boire + janvier sans alcool + arreter alcool,2025-2026,2025-12-26,2026-02-06
2026-01-26,19,Dry January,dry january + mois sans alcool + arreter de boire + janvier sans alcool + arreter alcool,2025-2026,2025-12-26,2026-02-06
2026-01-27,23,Dry January,dry january + mois sans alcool + arreter de boire + janvier sans alcool + arreter alcool,2025-2026,2025-12-26,2026-02-06
2026-01-28,27,Dry January,dry january + mois sans alcool + arreter de boire + janvier sans alcool + arreter alcool,2025-2026,2025-12-26,2026-02-06
2026-01-29,28,Dry January,dry january + mois sans alcool + arreter de boire + janvier sans alcool + arreter alcool,2025-2026,2025-12-26,2026-02-06
2026-01-30,32,Dry January,dry january + mois sans alcool + arreter de boire + janvier sans alcool + arreter alcool,2025-2026,2025-12-26,2026-02-06
2026-01-31,48,Dry January,dry january + mois sans alcool + arreter de boire + janvier sans alcool + arreter alcool,2025-2026,2025-12-26,2026-02-06
2026-02-01,23,Dry January,dry january + mois sans alcool + arreter de boire + janvier sans alcool + arreter alcool,2025-2026,2025-12-26,2026-02-06
2026-02-02,20,Dry January,dry january + mois sans alcool + arreter de boire + janvier sans alcool + arreter alcool,2025-2026,2025-12-26,2026-02-06
2026-02-03,16,Dry January,dry january + mois sans alcool + arreter de boire + janvier sans alcool + arreter alcool,2025-2026,2025-12-26,2026-02-06
2026-02-04,0,Dry January,dry january + mois sans alcool + arreter de boire + janvier sans alcool + arreter alcool,2025-2026,2025-12-26,2026-02-06
2026-02-05,0,Dry January,dry january + mois sans alcool + arreter de boire + janvier sans alcool + arreter alcool,2025-2026,2025-12-26,2026-02-06
2026-02-06,0,Dry January,dry january + mois sans alcool + arreter de boire + janvier sans alcool + arreter alcool,2025-2026,2025-12-26,2026-02-06
