date,interet_relatif
2016-01-01,0
2016-01-02,0
2016-01-03,0
2016-01-04,0
2016-01-05,0
2016-01-06,0
2016-01-07,0
2016-01-08,0
2016-01-09,0
2016-01-10,0
2016-01-11,0
2016-01-12,0
2016-01-13,0
2016-01-14,0
2016-01-15,0
2016-01-16,0
2016-01-17,0
2016-01-18,0
2016-01-19,0
2016-01-20,0
2016-01-21,0
2016-01-22,0
2016-01-23,0
2016-01-24,86
2016-01-25,0
2016-01-26,0
2016-01-27,0
2016-01-28,0
2016-01-29,0
2016-01-30,0
2016-01-31,0
2016-02-01,0
2016-02-02,0
2016-02-03,0
2016-02-04,0
2016-02-05,0
2016-02-06,0
2016-02-07,0
2016-02-08,0
2016-02-09,0
2016-02-10,0
2016-02-11,0
2016-02-12,0
2016-02-13,0
2016-02-14,0
2016-02-15,0
2016-02-16,0
2016-02-17,0
2016-02-18,0
2016-02-19,0
2016-02-20,0
2016-02-21,0
2016-02-22,0
2016-02-23,0
2016-02-24,0
2016-02-25,0
2016-02-26,0
2016-02-27,0
2016-02-28,0
2016-02-29,0
2016-03-01,0
2016-03-02,0
2016-03-03,0
2016-03-04,0
2016-03-05,0
2016-03-06,0
2016-03-07,0
2016-03-08,0
2016-03-09,0
2016-03-10,0
2016-03-11,0
2016-03-12,0
2016-03-13,0
2016-03-14,0
2016-03-15,0
2016-03-16,0
2016-03-17,0
2016-03-18,0
2016-03-19,0
2016-03-20,0
2016-03-21,0
2016-03-22,100
2016-03-23,0
2016-03-24,0
2016-03-25,0
2016-03-26,0
2016-03-27,0
2016-03-28,0
2016-03-29,0
2016-03-30,0
2016-03-31,0
2016-04-01,0
2016-04-02,0
2016-04-03,0
2016-04-04,0
2016-04-05,0
2016-04-06,0
2016-04-07,0
2016-04-08,0
2016-04-09,0
2016-04-10,0
2016-04-11,0
2016-04-12,0
2016-04-13,0
2016-04-14,0
2016-04-15,0
2016-04-16,0
2016-04-17,0
2016-04-18,0
2016-04-19,0
2016-04-20,0
2016-04-21,0
2016-04-22,0
2016-04-23,0
2016-04-24,0
2016-04-25,0
2016-04-26,0
2016-04-27,0
2016-04-28,0
2016-04-29,0
2016-04-30,0
2016-05-01,0
2016-05-02,0
2016-05-03,0
2016-05-04,0
2016-05-05,0
2016-05-06,0
2016-05-07,0
2016-05-08,0
2016-05-09,0
2016-05-10,0
2016-05-11,0
2016-05-12,0
2016-05-13,0
2016-05-14,0
2016-05-15,0
2016-05-16,0
2016-05-17,0
2016-05-18,0
2016-05-19,0
2016-05-20,0
2016-05-21,0
2016-05-22,0
2016-05-23,0
2016-05-24,0
2016-05-25,0
2016-05-26,0
2016-05-27,0
2016-05-28,0
2016-05-29,0
2016-05-30,0
2016-05-31,0
2016-06-01,0
2016-06-02,0
2016-06-03,0
2016-06-04,0
2016-06-05,0
2016-06-06,0
2016-06-07,0
2016-06-08,0
2016-06-09,0
2016-06-10,0
2016-06-11,0
2016-06-12,0
2016-06-13,0
2016-06-14,0
2016-06-15,0
2016-06-16,0
2016-06-17,0
2016-06-18,0
2016-06-19,0
2016-06-20,0
2016-06-21,0
2016-06-22,0
2016-06-23,0
2016-06-24,0
2016-06-25,0
2016-06-26,0
2016-06-27,0
2016-06-28,0
2016-06-29,0
2016-06-30,0
2016-07-01,10
2016-07-02,0
2016-07-03,0
2016-07-04,0
2016-07-05,0
2016-07-06,0
2016-07-07,0
2016-07-08,0
2016-07-09,0
2016-07-10,0
2016-07-11,0
2016-07-12,0
2016-07-13,0
2016-07-14,0
2016-07-15,0
2016-07-16,0
2016-07-17,0
2016-07-18,0
2016-07-19,0
2016-07-20,0
2016-07-21,0
2016-07-22,0
2016-07-23,0
2016-07-24,0
2016-07-25,0
2016-07-26,0
2016-07-27,0
2016-07-28,0
2016-07-29,0
2016-07-30,0
2016-07-31,0
2016-08-01,0
2016-08-02,0
2016-08-03,0
2016-08-04,0
2016-08-05,0
2016-08-06,0
2016-08-07,0
2016-08-08,0
2016-08-09,0
2016-08-10,0
2016-08-11,0
2016-08-12,0
2016-08-13,0
2016-08-14,0
2016-08-15,0
2016-08-16,0
2016-08-17,0
2016-08-18,0
2016-08-19,0
2016-08-20,0
2016-08-21,0
2016-08-22,0
2016-08-23,0
2016-08-24,0
2016-08-25,0
2016-08-26,0
2016-08-27,0
2016-08-28,0
2016-08-29,0
2016-08-30,0
2016-08-31,0
2016-09-01,10
2016-09-02,8
2016-09-03,0
2016-09-04,13
2016-09-05,10
2016-09-06,14
2016-09-07,20
2016-09-08,19
2016-09-09,0
2016-09-10,0
2016-09-11,20
2016-09-12,15
2016-09-13,20
2016-09-14,18
2016-09-15,28
2016-09-16,19
2016-09-17,15
2016-09-18,18
2016-09-19,23
2016-09-20,20
2016-09-21,24
2016-09-22,26
2016-09-23,24
2016-09-24,22
2016-09-25,33
2016-09-26,56
2016-09-27,100
2016-09-28,98
2016-09-29,47
2016-09-30,68
2016-10-01,100
2016-10-02,96
2016-10-03,75
2016-10-04,83
2016-10-05,61
2016-10-06,53
2016-10-07,44
2016-10-08,57
2016-10-09,61
2016-10-10,45
2016-10-11,36
2016-10-12,37
2016-10-13,31
2016-10-14,36
2016-10-15,56
2016-10-16,67
2016-10-17,25
2016-10-18,27
2016-10-19,14
2016-10-20,21
2016-10-21,21
2016-10-22,25
2016-10-23,17
2016-10-24,10
2016-10-25,10
2016-10-26,9
2016-10-27,14
2016-10-28,8
2016-10-29,17
2016-10-30,11
2016-10-31,10
2016-11-01,9
2016-11-02,0
2016-11-03,7
2016-11-04,0
2016-11-05,0
2016-11-06,0
2016-11-07,0
2016-11-08,0
2016-11-09,0
2016-11-10,0
2016-11-11,0
2016-11-12,0
2016-11-13,0
2016-11-14,0
2016-11-15,0
2016-11-16,0
2016-11-17,0
2016-11-18,0
2016-11-19,0
2016-11-20,0
2016-11-21,0
2016-11-22,0
2016-11-23,0
2016-11-24,0
2016-11-25,0
2016-11-26,0
2016-11-27,0
2016-11-28,0
2016-11-29,0
2016-11-30,0
2016-12-01,0
2016-12-02,0
2016-12-03,0
2016-12-04,0
2016-12-05,0
2016-12-06,0
2016-12-07,0
2016-12-08,0
2016-12-09,0
2016-12-10,0
2016-12-11,0
2016-12-12,0
2016-12-13,0
2016-12-14,0
2016-12-15,0
2016-12-16,0
2016-12-17,0
2016-12-18,0
2016-12-19,0
2016-12-20,0
2016-12-21,0
2016-12-22,0
2016-12-23,0
2016-12-24,0
2016-12-25,0
2016-12-26,0
2016-12-27,0
2016-12-28,0
2016-12-29,0
2016-12-30,0
2016-12-31,0
2017-01-01,0
2017-01-02,0
2017-01-03,0
2017-01-04,0
2017-01-05,0
2017-01-06,0
2017-01-07,0
2017-01-08,0
2017-01-09,0
2017-01-10,0
2017-01-11,0
2017-01-12,0
2017-01-13,0
2017-01-14,0
2017-01-15,0
2017-01-16,0
2017-01-17,0
2017-01-18,0
2017-01-19,0
2017-01-20,0
2017-01-21,0
2017-01-22,0
2017-01-23,0
2017-01-24,0
2017-01-25,0
2017-01-26,0
2017-01-27,0
2017-01-28,0
2017-01-29,0
2017-01-30,0
2017-01-31,0
2017-02-01,0
2017-02-02,0
2017-02-03,0
2017-02-04,0
2017-02-05,0
2017-02-06,0
2017-02-07,0
2017-02-08,0
2017-02-09,0
2017-02-10,0
2017-02-11,0
2017-02-12,0
2017-02-13,0
2017-02-14,0
2017-02-15,0
2017-02-16,0
2017-02-17,0
2017-02-18,0
2017-02-19,0
2017-02-20,0
2017-02-21,0
2017-02-22,0
2017-02-23,0
2017-02-24,0
2017-02-25,0
2017-02-26,0
2017-02-27,0
2017-02-28,0
2017-03-01,0
2017-03-02,0
2017-03-03,0
2017-03-04,0
2017-03-05,0
2017-03-06,0
2017-03-07,0
2017-03-08,0
2017-03-09,0
2017-03-10,0
2017-03-11,0
2017-03-12,0
2017-03-13,0
2017-03-14,0
2017-03-15,0
2017-03-16,0
2017-03-17,0
2017-03-18,0
2017-03-19,0
2017-03-20,0
2017-03-21,0
2017-03-22,0
2017-03-23,0
2017-03-24,0
2017-03-25,0
2017-03-26,0
2017-03-27,0
2017-03-28,0
2017-03-29,0
2017-03-30,0
2017-03-31,0
2017-04-01,0
2017-04-02,0
2017-04-03,0
2017-04-04,0
2017-04-05,0
2017-04-06,0
2017-04-07,0
2017-04-08,0
2017-04-09,0
2017-04-10,0
2017-04-11,0
2017-04-12,0
2017-04-13,0
2017-04-14,0
2017-04-15,0
2017-04-16,0
2017-04-17,0
2017-04-18,0
2017-04-19,0
2017-04-20,0
2017-04-21,0
2017-04-22,0
2017-04-23,0
2017-04-24,0
2017-04-25,0
2017-04-26,0
2017-04-27,0
2017-04-28,0
2017-04-29,0
2017-04-30,0
2017-05-01,0
2017-05-02,0
2017-05-03,0
2017-05-04,0
2017-05-05,0
2017-05-06,0
2017-05-07,0
2017-05-08,0
2017-05-09,0
2017-05-10,0
2017-05-11,0
2017-05-12,0
2017-05-13,0
2017-05-14,0
2017-05-15,0
2017-05-16,0
2017-05-17,0
2017-05-18,0
2017-05-19,0
2017-05-20,0
2017-05-21,0
2017-05-22,0
2017-05-23,0
2017-05-24,0
2017-05-25,0
2017-05-26,0
2017-05-27,0
2017-05-28,0
2017-05-29,0
2017-05-30,0
2017-05-31,0
2017-06-01,0
2017-06-02,0
2017-06-03,0
2017-06-04,0
2017-06-05,0
2017-06-06,0
2017-06-07,0
2017-06-08,0
2017-06-09,0
2017-06-10,0
2017-06-11,0
2017-06-12,0
2017-06-13,0
2017-06-14,0
2017-06-15,0
2017-06-16,0
2017-06-17,0
2017-06-18,0
2017-06-19,0
2017-06-20,0
2017-06-21,0
2017-06-22,0
2017-06-23,0
2017-06-24,0
2017-06-25,0
2017-06-26,0
2017-06-27,0
2017-06-28,0
2017-06-29,0
2017-06-30,0
2017-07-01,0
2017-07-02,0
2017-07-03,0
2017-07-04,0
2017-07-05,0
2017-07-06,0
2017-07-07,0
2017-07-08,0
2017-07-09,0
2017-07-10,0
2017-07-11,0
2017-07-12,0
2017-07-13,0
2017-07-14,0
2017-07-15,0
2017-07-16,0
2017-07-17,0
2017-07-18,0
2017-07-19,0
2017-07-20,0
2017-07-21,0
2017-07-22,0
2017-07-23,0
2017-07-24,0
2017-07-25,0
2017-07-26,0
2017-07-27,0
2017-07-28,0
2017-07-29,0
2017-07-30,0
2017-07-31,0
2017-08-01,0
2017-08-02,0
2017-08-03,0
2017-08-04,0
2017-08-05,0
2017-08-06,0
2017-08-07,0
2017-08-08,0
2017-08-09,0
2017-08-10,0
2017-08-11,0
2017-08-12,0
2017-08-13,0
2017-08-14,0
2017-08-15,0
2017-08-16,0
2017-08-17,0
2017-08-18,0
2017-08-19,0
2017-08-20,0
2017-08-21,0
2017-08-22,22
2017-08-23,0
2017-08-24,0
2017-08-25,0
2017-08-26,0
2017-08-27,0
2017-08-28,0
2017-08-29,0
2017-08-30,31
2017-08-31,26
2017-09-01,21
2017-09-02,32
2017-09-03,0
2017-09-04,27
2017-09-05,25
2017-09-06,34
2017-09-07,44
2017-09-08,37
2017-09-09,39
2017-09-10,54
2017-09-11,57
2017-09-12,56
2017-09-13,52
2017-09-14,59
2017-09-15,47
2017-09-16,40
2017-09-17,51
2017-09-18,38
2017-09-19,57
2017-09-20,63
2017-09-21,87
2017-09-22,100
2017-09-23,18
2017-09-24,23
2017-09-25,22
2017-09-26,27
2017-09-27,35
2017-09-28,41
2017-09-29,46
2017-09-30,52
2017-10-01,100
2017-10-02,68
2017-10-03,60
2017-10-04,54
2017-10-05,50
2017-10-06,45
2017-10-07,55
2017-10-08,65
2017-10-09,46
2017-10-10,39
2017-10-11,35
2017-10-12,37
2017-10-13,46
2017-10-14,57
2017-10-15,77
2017-10-16,29
2017-10-17,25
2017-10-18,29
2017-10-19,32
2017-10-20,25
2017-10-21,21
2017-10-22,26
2017-10-23,16
2017-10-24,15
2017-10-25,11
2017-10-26,11
2017-10-27,12
2017-10-28,9
2017-10-29,7
2017-10-30,8
2017-10-31,5
2017-11-01,0
2017-11-02,0
2017-11-03,4
2017-11-04,0
2017-11-05,0
2017-11-06,0
2017-11-07,0
2017-11-08,0
2017-11-09,0
2017-11-10,0
2017-11-11,0
2017-11-12,0
2017-11-13,0
2017-11-14,0
2017-11-15,0
2017-11-16,0
2017-11-17,0
2017-11-18,0
2017-11-19,0
2017-11-20,0
2017-11-21,0
2017-11-22,0
2017-11-23,0
2017-11-24,0
2017-11-25,0
2017-11-26,0
2017-11-27,0
2017-11-28,0
2017-11-29,0
2017-11-30,0
2017-12-01,0
2017-12-02,0
2017-12-03,0
2017-12-04,0
2017-12-05,0
2017-12-06,0
2017-12-07,0
2017-12-08,0
2017-12-09,0
2017-12-10,0
2017-12-11,0
2017-12-12,0
2017-12-13,0
2017-12-14,0
2017-12-15,0
2017-12-16,0
2017-12-17,0
2017-12-18,0
2017-12-19,0
2017-12-20,0
2017-12-21,0
2017-12-22,0
2017-12-23,0
2017-12-24,0
2017-12-25,0
2017-12-26,0
2017-12-27,0
2017-12-28,0
2017-12-29,0
2017-12-30,0
2017-12-31,0
2018-01-01,0
2018-01-02,0
2018-01-03,0
2018-01-04,0
2018-01-05,0
2018-01-06,0
2018-01-07,0
2018-01-08,0
2018-01-09,0
2018-01-10,0
2018-01-11,0
2018-01-12,0
2018-01-13,0
2018-01-14,0
2018-01-15,0
2018-01-16,0
2018-01-17,0
2018-01-18,0
2018-01-19,0
2018-01-20,0
2018-01-21,0
2018-01-22,0
2018-01-23,0
2018-01-24,0
2018-01-25,0
2018-01-26,0
2018-01-27,0
2018-01-28,0
2018-01-29,0
2018-01-30,0
2018-01-31,0
2018-02-01,0
2018-02-02,0
2018-02-03,0
2018-02-04,0
2018-02-05,0
2018-02-06,0
2018-02-07,0
2018-02-08,0
2018-02-09,0
2018-02-10,0
2018-02-11,0
2018-02-12,0
2018-02-13,0
2018-02-14,0
2018-02-15,0
2018-02-16,0
2018-02-17,0
2018-02-18,0
2018-02-19,0
2018-02-20,0
2018-02-21,0
2018-02-22,0
2018-02-23,0
2018-02-24,0
2018-02-25,0
2018-02-26,0
2018-02-27,0
2018-02-28,0
2018-03-01,0
2018-03-02,0
2018-03-03,0
2018-03-04,0
2018-03-05,0
2018-03-06,0
2018-03-07,0
2018-03-08,0
2018-03-09,0
2018-03-10,0
2018-03-11,0
2018-03-12,0
2018-03-13,0
2018-03-14,0
2018-03-15,0
2018-03-16,0
2018-03-17,0
2018-03-18,0
2018-03-19,0
2018-03-20,0
2018-03-21,0
2018-03-22,0
2018-03-23,0
2018-03-24,0
2018-03-25,0
2018-03-26,0
2018-03-27,0
2018-03-28,0
2018-03-29,0
2018-03-30,0
2018-03-31,0
2018-04-01,0
2018-04-02,0
2018-04-03,0
2018-04-04,0
2018-04-05,0
2018-04-06,0
2018-04-07,0
2018-04-08,0
2018-04-09,0
2018-04-10,0
2018-04-11,0
2018-04-12,0
2018-04-13,0
2018-04-14,0
2018-04-15,0
2018-04-16,97
2018-04-17,0
2018-04-18,0
2018-04-19,0
2018-04-20,0
2018-04-21,0
2018-04-22,0
2018-04-23,0
2018-04-24,0
2018-04-25,0
2018-04-26,0
2018-04-27,0
2018-04-28,0
2018-04-29,0
2018-04-30,0
2018-05-01,0
2018-05-02,0
2018-05-03,0
2018-05-04,0
2018-05-05,0
2018-05-06,0
2018-05-07,0
2018-05-08,0
2018-05-09,0
2018-05-10,0
2018-05-11,0
2018-05-12,0
2018-05-13,0
2018-05-14,0
2018-05-15,0
2018-05-16,0
2018-05-17,0
2018-05-18,0
2018-05-19,0
2018-05-20,0
2018-05-21,0
2018-05-22,0
2018-05-23,0
2018-05-24,0
2018-05-25,0
2018-05-26,0
2018-05-27,0
2018-05-28,0
2018-05-29,0
2018-05-30,0
2018-05-31,0
2018-06-01,0
2018-06-02,0
2018-06-03,0
2018-06-04,0
2018-06-05,0
2018-06-06,100
2018-06-07,0
2018-06-08,0
2018-06-09,0
2018-06-10,0
2018-06-11,0
2018-06-12,0
2018-06-13,0
2018-06-14,0
2018-06-15,0
2018-06-16,0
2018-06-17,0
2018-06-18,0
2018-06-19,0
2018-06-20,0
2018-06-21,0
2018-06-22,0
2018-06-23,0
2018-06-24,0
2018-06-25,0
2018-06-26,0
2018-06-27,0
2018-06-28,25
2018-06-29,0
2018-06-30,0
2018-07-01,0
2018-07-02,0
2018-07-03,0
2018-07-04,0
2018-07-05,0
2018-07-06,0
2018-07-07,0
2018-07-08,0
2018-07-09,0
2018-07-10,0
2018-07-11,0
2018-07-12,0
2018-07-13,0
2018-07-14,0
2018-07-15,0
2018-07-16,21
2018-07-17,0
2018-07-18,0
2018-07-19,0
2018-07-20,0
2018-07-21,0
2018-07-22,0
2018-07-23,0
2018-07-24,0
2018-07-25,0
2018-07-26,0
2018-07-27,0
2018-07-28,0
2018-07-29,0
2018-07-30,0
2018-07-31,0
2018-08-01,25
2018-08-02,0
2018-08-03,0
2018-08-04,0
2018-08-05,0
2018-08-06,0
2018-08-07,0
2018-08-08,0
2018-08-09,0
2018-08-10,0
2018-08-11,0
2018-08-12,0
2018-08-13,0
2018-08-14,0
2018-08-15,0
2018-08-16,0
2018-08-17,0
2018-08-18,0
2018-08-19,0
2018-08-20,0
2018-08-21,21
2018-08-22,35
2018-08-23,0
2018-08-24,31
2018-08-25,0
2018-08-26,24
2018-08-27,34
2018-08-28,0
2018-08-29,23
2018-08-30,29
2018-08-31,30
2018-09-01,29
2018-09-02,38
2018-09-03,47
2018-09-04,40
2018-09-05,57
2018-09-06,37
2018-09-07,69
2018-09-08,48
2018-09-09,78
2018-09-10,78
2018-09-11,51
2018-09-12,47
2018-09-13,78
2018-09-14,66
2018-09-15,74
2018-09-16,66
2018-09-17,100
2018-09-18,14
2018-09-19,9
2018-09-20,13
2018-09-21,13
2018-09-22,14
2018-09-23,17
2018-09-24,17
2018-09-25,17
2018-09-26,19
2018-09-27,23
2018-09-28,28
2018-09-29,26
2018-09-30,44
2018-10-01,100
2018-10-02,78
2018-10-03,73
2018-10-04,63
2018-10-05,59
2018-10-06,70
2018-10-07,67
2018-10-08,47
2018-10-09,35
2018-10-10,37
2018-10-11,37
2018-10-12,36
2018-10-13,53
2018-10-14,67
2018-10-15,27
2018-10-16,26
2018-10-17,19
2018-10-18,19
2018-10-19,18
2018-10-20,30
2018-10-21,28
2018-10-22,13
2018-10-23,11
2018-10-24,9
2018-10-25,7
2018-10-26,10
2018-10-27,10
2018-10-28,5
2018-10-29,6
2018-10-30,5
2018-10-31,5
2018-11-01,3
2018-11-02,0
2018-11-03,0
2018-11-04,3
2018-11-05,3
2018-11-06,0
2018-11-07,0
2018-11-08,0
2018-11-09,3
2018-11-10,0
2018-11-11,0
2018-11-12,0
2018-11-13,0
2018-11-14,0
2018-11-15,0
2018-11-16,0
2018-11-17,0
2018-11-18,0
2018-11-19,0
2018-11-20,0
2018-11-21,0
2018-11-22,0
2018-11-23,0
2018-11-24,0
2018-11-25,0
2018-11-26,0
2018-11-27,0
2018-11-28,0
2018-11-29,0
2018-11-30,0
2018-12-01,0
2018-12-02,0
2018-12-03,0
2018-12-04,0
2018-12-05,0
2018-12-06,0
2018-12-07,0
2018-12-08,0
2018-12-09,0
2018-12-10,0
2018-12-11,0
2018-12-12,0
2018-12-13,0
2018-12-14,0
2018-12-15,0
2018-12-16,0
2018-12-17,0
2018-12-18,0
2018-12-19,0
2018-12-20,0
2018-12-21,0
2018-12-22,0
2018-12-23,0
2018-12-24,0
2018-12-25,0
2018-12-26,0
2018-12-27,0
2018-12-28,0
2018-12-29,0
2018-12-30,0
2018-12-31,0
2019-01-01,0
2019-01-02,0
2019-01-03,0
2019-01-04,0
2019-01-05,0
2019-01-06,0
2019-01-07,0
2019-01-08,0
2019-01-09,0
2019-01-10,0
2019-01-11,0
2019-01-12,0
2019-01-13,0
2019-01-14,0
2019-01-15,0
2019-01-16,0
2019-01-17,0
2019-01-18,0
2019-01-19,0
2019-01-20,0
2019-01-21,0
2019-01-22,0
2019-01-23,100
2019-01-24,0
2019-01-25,0
2019-01-26,0
2019-01-27,0
2019-01-28,0
2019-01-29,0
2019-01-30,0
2019-01-31,0
2019-02-01,0
2019-02-02,0
2019-02-03,0
2019-02-04,0
2019-02-05,0
2019-02-06,0
2019-02-07,0
2019-02-08,0
2019-02-09,0
2019-02-10,0
2019-02-11,0
2019-02-12,0
2019-02-13,0
2019-02-14,0
2019-02-15,0
2019-02-16,0
2019-02-17,0
2019-02-18,0
2019-02-19,0
2019-02-20,0
2019-02-21,0
2019-02-22,0
2019-02-23,0
2019-02-24,0
2019-02-25,0
2019-02-26,0
2019-02-27,0
2019-02-28,0
2019-03-01,0
2019-03-02,0
2019-03-03,0
2019-03-04,0
2019-03-05,0
2019-03-06,0
2019-03-07,0
2019-03-08,0
2019-03-09,0
2019-03-10,0
2019-03-11,0
2019-03-12,0
2019-03-13,0
2019-03-14,0
2019-03-15,0
2019-03-16,0
2019-03-17,0
2019-03-18,0
2019-03-19,0
2019-03-20,0
2019-03-21,0
2019-03-22,0
2019-03-23,100
2019-03-24,0
2019-03-25,0
2019-03-26,0
2019-03-27,0
2019-03-28,0
2019-03-29,0
2019-03-30,0
2019-03-31,0
2019-04-01,0
2019-04-02,0
2019-04-03,0
2019-04-04,0
2019-04-05,0
2019-04-06,0
2019-04-07,0
2019-04-08,0
2019-04-09,0
2019-04-10,0
2019-04-11,0
2019-04-12,0
2019-04-13,0
2019-04-14,0
2019-04-15,0
2019-04-16,0
2019-04-17,0
2019-04-18,0
2019-04-19,0
2019-04-20,0
2019-04-21,0
2019-04-22,0
2019-04-23,0
2019-04-24,0
2019-04-25,0
2019-04-26,0
2019-04-27,0
2019-04-28,0
2019-04-29,0
2019-04-30,0
2019-05-01,0
2019-05-02,0
2019-05-03,0
2019-05-04,0
2019-05-05,0
2019-05-06,0
2019-05-07,0
2019-05-08,0
2019-05-09,0
2019-05-10,0
2019-05-11,0
2019-05-12,0
2019-05-13,0
2019-05-14,0
2019-05-15,0
2019-05-16,0
2019-05-17,0
2019-05-18,0
2019-05-19,0
2019-05-20,0
2019-05-21,0
2019-05-22,0
2019-05-23,0
2019-05-24,0
2019-05-25,0
2019-05-26,0
2019-05-27,0
2019-05-28,0
2019-05-29,0
2019-05-30,0
2019-05-31,0
2019-06-01,0
2019-06-02,0
2019-06-03,0
2019-06-04,0
2019-06-05,0
2019-06-06,0
2019-06-07,0
2019-06-08,0
2019-06-09,0
2019-06-10,0
2019-06-11,0
2019-06-12,0
2019-06-13,0
2019-06-14,0
2019-06-15,0
2019-06-16,0
2019-06-17,0
2019-06-18,26
2019-06-19,0
2019-06-20,0
2019-06-21,0
2019-06-22,0
2019-06-23,0
2019-06-24,0
2019-06-25,0
2019-06-26,0
2019-06-27,0
2019-06-28,0
2019-06-29,0
2019-06-30,0
2019-07-01,0
2019-07-02,0
2019-07-03,0
2019-07-04,0
2019-07-05,0
2019-07-06,0
2019-07-07,0
2019-07-08,0
2019-07-09,0
2019-07-10,0
2019-07-11,0
2019-07-12,0
2019-07-13,0
2019-07-14,0
2019-07-15,0
2019-07-16,0
2019-07-17,0
2019-07-18,0
2019-07-19,25
2019-07-20,0
2019-07-21,0
2019-07-22,0
2019-07-23,0
2019-07-24,0
2019-07-25,0
2019-07-26,0
2019-07-27,0
2019-07-28,0
2019-07-29,0
2019-07-30,34
2019-07-31,0
2019-08-01,0
2019-08-02,0
2019-08-03,0
2019-08-04,0
2019-08-05,0
2019-08-06,0
2019-08-07,0
2019-08-08,0
2019-08-09,0
2019-08-10,0
2019-08-11,0
2019-08-12,0
2019-08-13,0
2019-08-14,0
2019-08-15,0
2019-08-16,0
2019-08-17,0
2019-08-18,0
2019-08-19,0
2019-08-20,0
2019-08-21,0
2019-08-22,0
2019-08-23,0
2019-08-24,0
2019-08-25,0
2019-08-26,0
2019-08-27,35
2019-08-28,36
2019-08-29,0
2019-08-30,44
2019-08-31,0
2019-09-01,40
2019-09-02,57
2019-09-03,42
2019-09-04,86
2019-09-05,90
2019-09-06,87
2019-09-07,47
2019-09-08,98
2019-09-09,74
2019-09-10,90
2019-09-11,60
2019-09-12,100
2019-09-13,9
2019-09-14,8
2019-09-15,8
2019-09-16,10
2019-09-17,8
2019-09-18,12
2019-09-19,8
2019-09-20,10
2019-09-21,9
2019-09-22,13
2019-09-23,15
2019-09-24,14
2019-09-25,15
2019-09-26,17
2019-09-27,23
2019-09-28,20
2019-09-29,22
2019-09-30,34
2019-10-01,100
2019-10-02,77
2019-10-03,52
2019-10-04,52
2019-10-05,56
2019-10-06,64
2019-10-07,38
2019-10-08,31
2019-10-09,29
2019-10-10,29
2019-10-11,31
2019-10-12,45
2019-10-13,46
2019-10-14,22
2019-10-15,17
2019-10-16,16
2019-10-17,15
2019-10-18,16
2019-10-19,20
2019-10-20,18
2019-10-21,12
2019-10-22,9
2019-10-23,8
2019-10-24,7
2019-10-25,11
2019-10-26,9
2019-10-27,9
2019-10-28,6
2019-10-29,4
2019-10-30,4
2019-10-31,3
2019-11-01,0
2019-11-02,0
2019-11-03,2
2019-11-04,3
2019-11-05,0
2019-11-06,0
2019-11-07,0
2019-11-08,0
2019-11-09,0
2019-11-10,0
2019-11-11,0
2019-11-12,0
2019-11-13,2
2019-11-14,0
2019-11-15,0
2019-11-16,0
2019-11-17,0
2019-11-18,2
2019-11-19,0
2019-11-20,0
2019-11-21,0
2019-11-22,0
2019-11-23,0
2019-11-24,2
2019-11-25,0
2019-11-26,0
2019-11-27,0
2019-11-28,0
2019-11-29,2
2019-11-30,0
2019-12-01,0
2019-12-02,0
2019-12-03,0
2019-12-04,2
2019-12-05,0
2019-12-06,0
2019-12-07,0
2019-12-08,0
2019-12-09,0
2019-12-10,0
2019-12-11,0
2019-12-12,0
2019-12-13,0
2019-12-14,0
2019-12-15,0
2019-12-16,0
2019-12-17,0
2019-12-18,0
2019-12-19,0
2019-12-20,0
2019-12-21,0
2019-12-22,0
2019-12-23,0
2019-12-24,0
2019-12-25,0
2019-12-26,0
2019-12-27,0
2019-12-28,0
2019-12-29,0
2019-12-30,0
2019-12-31,0
2020-01-01,0
2020-01-02,0
2020-01-03,0
2020-01-04,0
2020-01-05,0
2020-01-06,0
2020-01-07,0
2020-01-08,0
2020-01-09,0
2020-01-10,0
2020-01-11,0
2020-01-12,0
2020-01-13,0
2020-01-14,0
2020-01-15,0
2020-01-16,0
2020-01-17,0
2020-01-18,0
2020-01-19,0
2020-01-20,0
2020-01-21,0
2020-01-22,0
2020-01-23,0
2020-01-24,0
2020-01-25,0
2020-01-26,0
2020-01-27,0
2020-01-28,0
2020-01-29,0
2020-01-30,0
2020-01-31,0
2020-02-01,0
2020-02-02,0
2020-02-03,0
2020-02-04,0
2020-02-05,0
2020-02-06,0
2020-02-07,0
2020-02-08,0
2020-02-09,0
2020-02-10,0
2020-02-11,0
2020-02-12,0
2020-02-13,89
2020-02-14,0
2020-02-15,0
2020-02-16,0
2020-02-17,0
2020-02-18,0
2020-02-19,0
2020-02-20,95
2020-02-21,0
2020-02-22,0
2020-02-23,0
2020-02-24,0
2020-02-25,100
2020-02-26,0
2020-02-27,0
2020-02-28,0
2020-02-29,0
2020-03-01,0
2020-03-02,0
2020-03-03,0
2020-03-04,0
2020-03-05,0
2020-03-06,0
2020-03-07,0
2020-03-08,0
2020-03-09,0
2020-03-10,0
2020-03-11,0
2020-03-12,0
2020-03-13,0
2020-03-14,0
2020-03-15,0
2020-03-16,0
2020-03-17,0
2020-03-18,0
2020-03-19,0
2020-03-20,0
2020-03-21,0
2020-03-22,0
2020-03-23,0
2020-03-24,0
2020-03-25,0
2020-03-26,0
2020-03-27,0
2020-03-28,0
2020-03-29,0
2020-03-30,0
2020-03-31,0
2020-04-01,0
2020-04-02,0
2020-04-03,0
2020-04-04,0
2020-04-05,0
2020-04-06,0
2020-04-07,0
2020-04-08,0
2020-04-09,0
2020-04-10,0
2020-04-11,0
2020-04-12,0
2020-04-13,0
2020-04-14,0
2020-04-15,0
2020-04-16,0
2020-04-17,0
2020-04-18,0
2020-04-19,0
2020-04-20,0
2020-04-21,0
2020-04-22,0
2020-04-23,0
2020-04-24,0
2020-04-25,0
2020-04-26,0
2020-04-27,0
2020-04-28,0
2020-04-29,0
2020-04-30,0
2020-05-01,0
2020-05-02,0
2020-05-03,0
2020-05-04,0
2020-05-05,0
2020-05-06,0
2020-05-07,0
2020-05-08,0
2020-05-09,0
2020-05-10,0
2020-05-11,0
2020-05-12,0
2020-05-13,0
2020-05-14,0
2020-05-15,0
2020-05-16,0
2020-05-17,0
2020-05-18,0
2020-05-19,0
2020-05-20,0
2020-05-21,0
2020-05-22,0
2020-05-23,0
2020-05-24,0
2020-05-25,0
2020-05-26,0
2020-05-27,0
2020-05-28,0
2020-05-29,0
2020-05-30,0
2020-05-31,0
2020-06-01,0
2020-06-02,0
2020-06-03,0
2020-06-04,0
2020-06-05,0
2020-06-06,0
2020-06-07,0
2020-06-08,100
2020-06-09,0
2020-06-10,0
2020-06-11,0
2020-06-12,0
2020-06-13,0
2020-06-14,0
2020-06-15,0
2020-06-16,0
2020-06-17,0
2020-06-18,0
2020-06-19,0
2020-06-20,0
2020-06-21,0
2020-06-22,0
2020-06-23,0
2020-06-24,0
2020-06-25,49
2020-06-26,0
2020-06-27,0
2020-06-28,0
2020-06-29,0
2020-06-30,0
2020-07-01,0
2020-07-02,0
2020-07-03,0
2020-07-04,0
2020-07-05,0
2020-07-06,0
2020-07-07,0
2020-07-08,0
2020-07-09,0
2020-07-10,0
2020-07-11,0
2020-07-12,0
2020-07-13,0
2020-07-14,0
2020-07-15,0
2020-07-16,0
2020-07-17,0
2020-07-18,0
2020-07-19,0
2020-07-20,0
2020-07-21,0
2020-07-22,0
2020-07-23,0
2020-07-24,0
2020-07-25,0
2020-07-26,0
2020-07-27,0
2020-07-28,0
2020-07-29,0
2020-07-30,0
2020-07-31,0
2020-08-01,0
2020-08-02,0
2020-08-03,0
2020-08-04,0
2020-08-05,0
2020-08-06,0
2020-08-07,0
2020-08-08,0
2020-08-09,0
2020-08-10,0
2020-08-11,0
2020-08-12,0
2020-08-13,0
2020-08-14,0
2020-08-15,0
2020-08-16,0
2020-08-17,0
2020-08-18,0
2020-08-19,0
2020-08-20,0
2020-08-21,0
2020-08-22,0
2020-08-23,0
2020-08-24,0
2020-08-25,0
2020-08-26,0
2020-08-27,50
2020-08-28,0
2020-08-29,0
2020-08-30,0
2020-08-31,82
2020-09-01,51
2020-09-02,72
2020-09-03,83
2020-09-04,100
2020-09-05,61
2020-09-06,72
2020-09-07,3
2020-09-08,2
2020-09-09,3
2020-09-10,3
2020-09-11,2
2020-09-12,2
2020-09-13,2
2020-09-14,4
2020-09-15,2
2020-09-16,4
2020-09-17,5
2020-09-18,3
2020-09-19,3
2020-09-20,4
2020-09-21,4
2020-09-22,7
2020-09-23,6
2020-09-24,7
2020-09-25,6
2020-09-26,7
2020-09-27,8
2020-09-28,10
2020-09-29,12
2020-09-30,19
2020-10-01,100
2020-10-02,75
2020-10-03,50
2020-10-04,36
2020-10-05,29
2020-10-06,23
2020-10-07,22
2020-10-08,21
2020-10-09,22
2020-10-10,20
2020-10-11,18
2020-10-12,16
2020-10-13,12
2020-10-14,12
2020-10-15,13
2020-10-16,14
2020-10-17,13
2020-10-18,13
2020-10-19,9
2020-10-20,13
2020-10-21,9
2020-10-22,9
2020-10-23,7
2020-10-24,6
2020-10-25,6
2020-10-26,5
2020-10-27,4
2020-10-28,3
2020-10-29,4
2020-10-30,3
2020-10-31,3
2020-11-01,4
2020-11-02,1
2020-11-03,1
2020-11-04,1
2020-11-05,2
2020-11-06,1
2020-11-07,0
2020-11-08,0
2020-11-09,1
2020-11-10,0
2020-11-11,1
2020-11-12,0
2020-11-13,0
2020-11-14,0
2020-11-15,0
2020-11-16,0
2020-11-17,0
2020-11-18,0
2020-11-19,0
2020-11-20,1
2020-11-21,1
2020-11-22,0
2020-11-23,0
2020-11-24,0
2020-11-25,0
2020-11-26,0
2020-11-27,0
2020-11-28,0
2020-11-29,0
2020-11-30,1
2020-12-01,0
2020-12-02,0
2020-12-03,0
2020-12-04,0
2020-12-05,0
2020-12-06,0
2020-12-07,73
2020-12-08,0
2020-12-09,0
2020-12-10,0
2020-12-11,0
2020-12-12,0
2020-12-13,0
2020-12-14,0
2020-12-15,0
2020-12-16,0
2020-12-17,100
2020-12-18,0
2020-12-19,0
2020-12-20,0
2020-12-21,0
2020-12-22,0
2020-12-23,0
2020-12-24,0
2020-12-25,0
2020-12-26,0
2020-12-27,0
2020-12-28,0
2020-12-29,0
2020-12-30,0
2020-12-31,0
2021-01-01,0
2021-01-02,0
2021-01-03,0
2021-01-04,0
2021-01-05,0
2021-01-06,0
2021-01-07,0
2021-01-08,0
2021-01-09,0
2021-01-10,0
2021-01-11,0
2021-01-12,0
2021-01-13,0
2021-01-14,0
2021-01-15,0
2021-01-16,0
2021-01-17,0
2021-01-18,0
2021-01-19,0
2021-01-20,0
2021-01-21,0
2021-01-22,0
2021-01-23,0
2021-01-24,0
2021-01-25,0
2021-01-26,0
2021-01-27,0
2021-01-28,0
2021-01-29,0
2021-01-30,0
2021-01-31,0
2021-02-01,0
2021-02-02,0
2021-02-03,0
2021-02-04,0
2021-02-05,0
2021-02-06,0
2021-02-07,0
2021-02-08,0
2021-02-09,0
2021-02-10,0
2021-02-11,0
2021-02-12,0
2021-02-13,0
2021-02-14,0
2021-02-15,0
2021-02-16,0
2021-02-17,0
2021-02-18,0
2021-02-19,0
2021-02-20,0
2021-02-21,0
2021-02-22,0
2021-02-23,0
2021-02-24,0
2021-02-25,0
2021-02-26,0
2021-02-27,0
2021-02-28,0
2021-03-01,0
2021-03-02,0
2021-03-03,0
2021-03-04,0
2021-03-05,0
2021-03-06,0
2021-03-07,0
2021-03-08,100
2021-03-09,0
2021-03-10,0
2021-03-11,0
2021-03-12,0
2021-03-13,0
2021-03-14,0
2021-03-15,0
2021-03-16,0
2021-03-17,0
2021-03-18,0
2021-03-19,0
2021-03-20,0
2021-03-21,0
2021-03-22,0
2021-03-23,0
2021-03-24,0
2021-03-25,0
2021-03-26,0
2021-03-27,0
2021-03-28,0
2021-03-29,0
2021-03-30,0
2021-03-31,0
2021-04-01,0
2021-04-02,0
2021-04-03,0
2021-04-04,0
2021-04-05,0
2021-04-06,0
2021-04-07,0
2021-04-08,0
2021-04-09,0
2021-04-10,0
2021-04-11,0
2021-04-12,0
2021-04-13,0
2021-04-14,0
2021-04-15,0
2021-04-16,0
2021-04-17,0
2021-04-18,0
2021-04-19,0
2021-04-20,0
2021-04-21,0
2021-04-22,0
2021-04-23,0
2021-04-24,0
2021-04-25,0
2021-04-26,0
2021-04-27,0
2021-04-28,0
2021-04-29,0
2021-04-30,0
2021-05-01,0
2021-05-02,0
2021-05-03,0
2021-05-04,0
2021-05-05,0
2021-05-06,0
2021-05-07,0
2021-05-08,0
2021-05-09,0
2021-05-10,0
2021-05-11,0
2021-05-12,0
2021-05-13,0
2021-05-14,0
2021-05-15,0
2021-05-16,0
2021-05-17,0
2021-05-18,0
2021-05-19,0
2021-05-20,0
2021-05-21,0
2021-05-22,0
2021-05-23,0
2021-05-24,0
2021-05-25,0
2021-05-26,0
2021-05-27,0
2021-05-28,0
2021-05-29,0
2021-05-30,0
2021-05-31,0
2021-06-01,0
2021-06-02,0
2021-06-03,0
2021-06-04,0
2021-06-05,0
2021-06-06,0
2021-06-07,0
2021-06-08,45
2021-06-09,46
2021-06-10,0
2021-06-11,38
2021-06-12,0
2021-06-13,0
2021-06-14,0
2021-06-15,0
2021-06-16,0
2021-06-17,0
2021-06-18,0
2021-06-19,0
2021-06-20,0
2021-06-21,0
2021-06-22,0
2021-06-23,0
2021-06-24,0
2021-06-25,0
2021-06-26,0
2021-06-27,0
2021-06-28,0
2021-06-29,0
2021-06-30,0
2021-07-01,0
2021-07-02,0
2021-07-03,0
2021-07-04,0
2021-07-05,0
2021-07-06,0
2021-07-07,0
2021-07-08,37
2021-07-09,0
2021-07-10,0
2021-07-11,0
2021-07-12,0
2021-07-13,50
2021-07-14,0
2021-07-15,0
2021-07-16,0
2021-07-17,0
2021-07-18,0
2021-07-19,0
2021-07-20,0
2021-07-21,0
2021-07-22,0
2021-07-23,0
2021-07-24,0
2021-07-25,0
2021-07-26,0
2021-07-27,45
2021-07-28,0
2021-07-29,0
2021-07-30,0
2021-07-31,0
2021-08-01,0
2021-08-02,0
2021-08-03,0
2021-08-04,0
2021-08-05,0
2021-08-06,0
2021-08-07,0
2021-08-08,0
2021-08-09,0
2021-08-10,0
2021-08-11,0
2021-08-12,0
2021-08-13,0
2021-08-14,0
2021-08-15,0
2021-08-16,0
2021-08-17,0
2021-08-18,0
2021-08-19,0
2021-08-20,0
2021-08-21,0
2021-08-22,39
2021-08-23,48
2021-08-24,0
2021-08-25,0
2021-08-26,69
2021-08-27,41
2021-08-28,47
2021-08-29,53
2021-08-30,92
2021-08-31,90
2021-09-01,100
2021-09-02,2
2021-09-03,3
2021-09-04,2
2021-09-05,2
2021-09-06,3
2021-09-07,4
2021-09-08,4
2021-09-09,4
2021-09-10,4
2021-09-11,4
2021-09-12,3
2021-09-13,5
2021-09-14,6
2021-09-15,6
2021-09-16,6
2021-09-17,5
2021-09-18,6
2021-09-19,6
2021-09-20,8
2021-09-21,9
2021-09-22,8
2021-09-23,11
2021-09-24,10
2021-09-25,9
2021-09-26,12
2021-09-27,14
2021-09-28,18
2021-09-29,17
2021-09-30,26
2021-10-01,100
2021-10-02,80
2021-10-03,47
2021-10-04,29
2021-10-05,29
2021-10-06,25
2021-10-07,25
2021-10-08,25
2021-10-09,31
2021-10-10,30
2021-10-11,19
2021-10-12,16
2021-10-13,15
2021-10-14,15
2021-10-15,18
2021-10-16,22
2021-10-17,20
2021-10-18,14
2021-10-19,11
2021-10-20,11
2021-10-21,9
2021-10-22,10
2021-10-23,11
2021-10-24,11
2021-10-25,7
2021-10-26,5
2021-10-27,4
2021-10-28,4
2021-10-29,4
2021-10-30,4
2021-10-31,4
2021-11-01,2
2021-11-02,1
2021-11-03,2
2021-11-04,2
2021-11-05,1
2021-11-06,1
2021-11-07,1
2021-11-08,1
2021-11-09,1
2021-11-10,1
2021-11-11,1
2021-11-12,0
2021-11-13,0
2021-11-14,1
2021-11-15,0
2021-11-16,0
2021-11-17,0
2021-11-18,0
2021-11-19,0
2021-11-20,1
2021-11-21,0
2021-11-22,0
2021-11-23,1
2021-11-24,0
2021-11-25,0
2021-11-26,1
2021-11-27,0
2021-11-28,0
2021-11-29,1
2021-11-30,0
2021-12-01,0
2021-12-02,0
2021-12-03,0
2021-12-04,0
2021-12-05,0
2021-12-06,0
2021-12-07,0
2021-12-08,52
2021-12-09,0
2021-12-10,0
2021-12-11,0
2021-12-12,0
2021-12-13,0
2021-12-14,0
2021-12-15,0
2021-12-16,0
2021-12-17,0
2021-12-18,0
2021-12-19,0
2021-12-20,0
2021-12-21,0
2021-12-22,0
2021-12-23,0
2021-12-24,0
2021-12-25,0
2021-12-26,0
2021-12-27,0
2021-12-28,0
2021-12-29,0
2021-12-30,100
2021-12-31,0
2022-01-01,0
2022-01-02,0
2022-01-03,0
2022-01-04,0
2022-01-05,0
2022-01-06,0
2022-01-07,0
2022-01-08,0
2022-01-09,0
2022-01-10,0
2022-01-11,0
2022-01-12,0
2022-01-13,0
2022-01-14,0
2022-01-15,0
2022-01-16,0
2022-01-17,69
2022-01-18,0
2022-01-19,0
2022-01-20,0
2022-01-21,0
2022-01-22,0
2022-01-23,0
2022-01-24,0
2022-01-25,0
2022-01-26,0
2022-01-27,0
2022-01-28,0
2022-01-29,0
2022-01-30,0
2022-01-31,0
2022-02-01,0
2022-02-02,0
2022-02-03,0
2022-02-04,0
2022-02-05,0
2022-02-06,0
2022-02-07,0
2022-02-08,0
2022-02-09,0
2022-02-10,0
2022-02-11,0
2022-02-12,59
2022-02-13,0
2022-02-14,0
2022-02-15,49
2022-02-16,0
2022-02-17,0
2022-02-18,0
2022-02-19,0
2022-02-20,0
2022-02-21,0
2022-02-22,0
2022-02-23,0
2022-02-24,0
2022-02-25,0
2022-02-26,0
2022-02-27,0
2022-02-28,0
2022-03-01,0
2022-03-02,0
2022-03-03,0
2022-03-04,0
2022-03-05,0
2022-03-06,0
2022-03-07,0
2022-03-08,0
2022-03-09,0
2022-03-10,74
2022-03-11,0
2022-03-12,0
2022-03-13,0
2022-03-14,0
2022-03-15,0
2022-03-16,0
2022-03-17,0
2022-03-18,0
2022-03-19,0
2022-03-20,0
2022-03-21,0
2022-03-22,0
2022-03-23,0
2022-03-24,0
2022-03-25,0
2022-03-26,0
2022-03-27,0
2022-03-28,0
2022-03-29,0
2022-03-30,0
2022-03-31,0
2022-04-01,0
2022-04-02,0
2022-04-03,0
2022-04-04,0
2022-04-05,0
2022-04-06,0
2022-04-07,68
2022-04-08,0
2022-04-09,0
2022-04-10,0
2022-04-11,0
2022-04-12,0
2022-04-13,0
2022-04-14,0
2022-04-15,0
2022-04-16,0
2022-04-17,0
2022-04-18,0
2022-04-19,100
2022-04-20,0
2022-04-21,0
2022-04-22,0
2022-04-23,87
2022-04-24,0
2022-04-25,0
2022-04-26,85
2022-04-27,0
2022-04-28,0
2022-04-29,0
2022-04-30,0
2022-05-01,0
2022-05-02,0
2022-05-03,0
2022-05-04,0
2022-05-05,0
2022-05-06,0
2022-05-07,0
2022-05-08,0
2022-05-09,0
2022-05-10,0
2022-05-11,66
2022-05-12,0
2022-05-13,0
2022-05-14,0
2022-05-15,0
2022-05-16,0
2022-05-17,86
2022-05-18,0
2022-05-19,0
2022-05-20,0
2022-05-21,0
2022-05-22,0
2022-05-23,0
2022-05-24,100
2022-05-25,0
2022-05-26,0
2022-05-27,0
2022-05-28,0
2022-05-29,0
2022-05-30,0
2022-05-31,0
2022-06-01,0
2022-06-02,0
2022-06-03,0
2022-06-04,0
2022-06-05,30
2022-06-06,31
2022-06-07,0
2022-06-08,0
2022-06-09,28
2022-06-10,0
2022-06-11,0
2022-06-12,0
2022-06-13,33
2022-06-14,38
2022-06-15,0
2022-06-16,32
2022-06-17,39
2022-06-18,0
2022-06-19,0
2022-06-20,0
2022-06-21,28
2022-06-22,38
2022-06-23,0
2022-06-24,0
2022-06-25,0
2022-06-26,0
2022-06-27,30
2022-06-28,30
2022-06-29,0
2022-06-30,31
2022-07-01,0
2022-07-02,0
2022-07-03,0
2022-07-04,31
2022-07-05,0
2022-07-06,29
2022-07-07,0
2022-07-08,36
2022-07-09,0
2022-07-10,0
2022-07-11,0
2022-07-12,32
2022-07-13,42
2022-07-14,0
2022-07-15,0
2022-07-16,0
2022-07-17,0
2022-07-18,42
2022-07-19,47
2022-07-20,51
2022-07-21,40
2022-07-22,32
2022-07-23,0
2022-07-24,0
2022-07-25,32
2022-07-26,41
2022-07-27,0
2022-07-28,67
2022-07-29,0
2022-07-30,0
2022-07-31,35
2022-08-01,50
2022-08-02,0
2022-08-03,0
2022-08-04,0
2022-08-05,0
2022-08-06,0
2022-08-07,0
2022-08-08,31
2022-08-09,48
2022-08-10,31
2022-08-11,35
2022-08-12,0
2022-08-13,0
2022-08-14,39
2022-08-15,0
2022-08-16,46
2022-08-17,60
2022-08-18,58
2022-08-19,39
2022-08-20,49
2022-08-21,45
2022-08-22,87
2022-08-23,99
2022-08-24,100
2022-08-25,80
2022-08-26,62
2022-08-27,79
2022-08-28,1
2022-08-29,4
2022-08-30,3
2022-08-31,3
2022-09-01,3
2022-09-02,4
2022-09-03,4
2022-09-04,4
2022-09-05,5
2022-09-06,5
2022-09-07,5
2022-09-08,6
2022-09-09,6
2022-09-10,5
2022-09-11,5
2022-09-12,6
2022-09-13,7
2022-09-14,7
2022-09-15,8
2022-09-16,8
2022-09-17,8
2022-09-18,9
2022-09-19,10
2022-09-20,10
2022-09-21,11
2022-09-22,12
2022-09-23,12
2022-09-24,11
2022-09-25,13
2022-09-26,17
2022-09-27,17
2022-09-28,19
2022-09-29,19
2022-09-30,37
2022-10-01,100
2022-10-02,75
2022-10-03,52
2022-10-04,42
2022-10-05,42
2022-10-06,36
2022-10-07,34
2022-10-08,39
2022-10-09,36
2022-10-10,25
2022-10-11,24
2022-10-12,21
2022-10-13,21
2022-10-14,22
2022-10-15,24
2022-10-16,23
2022-10-17,13
2022-10-18,14
2022-10-19,14
2022-10-20,12
2022-10-21,14
2022-10-22,15
2022-10-23,12
2022-10-24,8
2022-10-25,6
2022-10-26,5
2022-10-27,5
2022-10-28,5
2022-10-29,6
2022-10-30,4
2022-10-31,3
2022-11-01,2
2022-11-02,2
2022-11-03,2
2022-11-04,1
2022-11-05,1
2022-11-06,1
2022-11-07,1
2022-11-08,1
2022-11-09,1
2022-11-10,2
2022-11-11,1
2022-11-12,1
2022-11-13,1
2022-11-14,1
2022-11-15,1
2022-11-16,1
2022-11-17,1
2022-11-18,1
2022-11-19,0
2022-11-20,1
2022-11-21,1
2022-11-22,1
2022-11-23,1
2022-11-24,1
2022-11-25,1
2022-11-26,0
2022-11-27,100
2022-11-28,69
2022-11-29,90
2022-11-30,81
2022-12-01,84
2022-12-02,0
2022-12-03,0
2022-12-04,0
2022-12-05,74
2022-12-06,0
2022-12-07,0
2022-12-08,96
2022-12-09,0
2022-12-10,59
2022-12-11,0
2022-12-12,0
2022-12-13,80
2022-12-14,0
2022-12-15,0
2022-12-16,0
2022-12-17,0
2022-12-18,0
2022-12-19,0
2022-12-20,0
2022-12-21,0
2022-12-22,0
2022-12-23,0
2022-12-24,0
2022-12-25,0
2022-12-26,0
2022-12-27,64
2022-12-28,0
2022-12-29,0
2022-12-30,0
2022-12-31,0
2023-01-01,0
2023-01-02,0
2023-01-03,0
2023-01-04,70
2023-01-05,0
2023-01-06,0
2023-01-07,72
2023-01-08,0
2023-01-09,0
2023-01-10,0
2023-01-11,0
2023-01-12,0
2023-01-13,0
2023-01-14,0
2023-01-15,0
2023-01-16,0
2023-01-17,0
2023-01-18,63
2023-01-19,0
2023-01-20,0
2023-01-21,0
2023-01-22,0
2023-01-23,78
2023-01-24,0
2023-01-25,0
2023-01-26,0
2023-01-27,0
2023-01-28,0
2023-01-29,0
2023-01-30,0
2023-01-31,0
2023-02-01,0
2023-02-02,74
2023-02-03,0
2023-02-04,0
2023-02-05,0
2023-02-06,0
2023-02-07,0
2023-02-08,0
2023-02-09,0
2023-02-10,0
2023-02-11,0
2023-02-12,0
2023-02-13,0
2023-02-14,0
2023-02-15,0
2023-02-16,0
2023-02-17,0
2023-02-18,0
2023-02-19,0
2023-02-20,0
2023-02-21,0
2023-02-22,68
2023-02-23,0
2023-02-24,77
2023-02-25,0
2023-02-26,0
2023-02-27,0
2023-02-28,82
2023-03-01,0
2023-03-02,0
2023-03-03,0
2023-03-04,0
2023-03-05,0
2023-03-06,0
2023-03-07,0
2023-03-08,0
2023-03-09,0
2023-03-10,0
2023-03-11,0
2023-03-12,0
2023-03-13,0
2023-03-14,0
2023-03-15,0
2023-03-16,0
2023-03-17,0
2023-03-18,0
2023-03-19,0
2023-03-20,0
2023-03-21,0
2023-03-22,83
2023-03-23,0
2023-03-24,0
2023-03-25,74
2023-03-26,0
2023-03-27,0
2023-03-28,0
2023-03-29,0
2023-03-30,79
2023-03-31,0
2023-04-01,0
2023-04-02,0
2023-04-03,99
2023-04-04,0
2023-04-05,0
2023-04-06,67
2023-04-07,0
2023-04-08,0
2023-04-09,0
2023-04-10,0
2023-04-11,92
2023-04-12,0
2023-04-13,100
2023-04-14,0
2023-04-15,0
2023-04-16,0
2023-04-17,69
2023-04-18,0
2023-04-19,0
2023-04-20,0
2023-04-21,0
2023-04-22,0
2023-04-23,0
2023-04-24,0
2023-04-25,92
2023-04-26,0
2023-04-27,70
2023-04-28,0
2023-04-29,0
2023-04-30,0
2023-05-01,0
2023-05-02,0
2023-05-03,0
2023-05-04,0
2023-05-05,0
2023-05-06,0
2023-05-07,0
2023-05-08,77
2023-05-09,0
2023-05-10,88
2023-05-11,84
2023-05-12,0
2023-05-13,0
2023-05-14,0
2023-05-15,0
2023-05-16,97
2023-05-17,70
2023-05-18,0
2023-05-19,0
2023-05-20,0
2023-05-21,0
2023-05-22,72
2023-05-23,89
2023-05-24,0
2023-05-25,0
2023-05-26,0
2023-05-27,0
2023-05-28,0
2023-05-29,34
2023-05-30,0
2023-05-31,0
2023-06-01,27
2023-06-02,0
2023-06-03,0
2023-06-04,0
2023-06-05,38
2023-06-06,48
2023-06-07,27
2023-06-08,29
2023-06-09,0
2023-06-10,0
2023-06-11,35
2023-06-12,30
2023-06-13,38
2023-06-14,55
2023-06-15,0
2023-06-16,39
2023-06-17,0
2023-06-18,30
2023-06-19,37
2023-06-20,42
2023-06-21,0
2023-06-22,30
2023-06-23,32
2023-06-24,0
2023-06-25,0
2023-06-26,41
2023-06-27,44
2023-06-28,60
2023-06-29,39
2023-06-30,50
2023-07-01,0
2023-07-02,0
2023-07-03,70
2023-07-04,52
2023-07-05,50
2023-07-06,53
2023-07-07,0
2023-07-08,0
2023-07-09,0
2023-07-10,57
2023-07-11,33
2023-07-12,0
2023-07-13,36
2023-07-14,0
2023-07-15,0
2023-07-16,0
2023-07-17,45
2023-07-18,33
2023-07-19,49
2023-07-20,66
2023-07-21,44
2023-07-22,0
2023-07-23,43
2023-07-24,44
2023-07-25,55
2023-07-26,67
2023-07-27,53
2023-07-28,48
2023-07-29,0
2023-07-30,0
2023-07-31,61
2023-08-01,0
2023-08-02,67
2023-08-03,71
2023-08-04,72
2023-08-05,0
2023-08-06,46
2023-08-07,69
2023-08-08,60
2023-08-09,56
2023-08-10,78
2023-08-11,74
2023-08-12,46
2023-08-13,0
2023-08-14,47
2023-08-15,55
2023-08-16,54
2023-08-17,60
2023-08-18,58
2023-08-19,39
2023-08-20,53
2023-08-21,93
2023-08-22,100
2023-08-23,1
2023-08-24,2
2023-08-25,1
2023-08-26,1
2023-08-27,2
2023-08-28,2
2023-08-29,2
2023-08-30,3
2023-08-31,3
2023-09-01,3
2023-09-02,3
2023-09-03,2
2023-09-04,4
2023-09-05,5
2023-09-06,5
2023-09-07,6
2023-09-08,5
2023-09-09,5
2023-09-10,5
2023-09-11,7
2023-09-12,7
2023-09-13,7
2023-09-14,8
2023-09-15,7
2023-09-16,7
2023-09-17,8
2023-09-18,9
2023-09-19,11
2023-09-20,9
2023-09-21,11
2023-09-22,11
2023-09-23,10
2023-09-24,12
2023-09-25,16
2023-09-26,18
2023-09-27,19
2023-09-28,22
2023-09-29,25
2023-09-30,36
2023-10-01,100
2023-10-02,74
2023-10-03,48
2023-10-04,40
2023-10-05,40
2023-10-06,38
2023-10-07,46
2023-10-08,41
2023-10-09,27
2023-10-10,22
2023-10-11,21
2023-10-12,20
2023-10-13,19
2023-10-14,23
2023-10-15,21
2023-10-16,13
2023-10-17,14
2023-10-18,11
2023-10-19,12
2023-10-20,12
2023-10-21,17
2023-10-22,12
2023-10-23,6
2023-10-24,5
2023-10-25,5
2023-10-26,5
2023-10-27,5
2023-10-28,4
2023-10-29,4
2023-10-30,3
2023-10-31,3
2023-11-01,2
2023-11-02,2
2023-11-03,2
2023-11-04,1
2023-11-05,1
2023-11-06,1
2023-11-07,1
2023-11-08,2
2023-11-09,1
2023-11-10,1
2023-11-11,1
2023-11-12,1
2023-11-13,1
2023-11-14,1
2023-11-15,1
2023-11-16,1
2023-11-17,0
2023-11-18,1
2023-11-19,0
2023-11-20,1
2023-11-21,59
2023-11-22,74
2023-11-23,0
2023-11-24,56
2023-11-25,75
2023-11-26,0
2023-11-27,87
2023-11-28,94
2023-11-29,80
2023-11-30,63
2023-12-01,52
2023-12-02,0
2023-12-03,53
2023-12-04,0
2023-12-05,61
2023-12-06,0
2023-12-07,100
2023-12-08,0
2023-12-09,0
2023-12-10,0
2023-12-11,60
2023-12-12,78
2023-12-13,73
2023-12-14,88
2023-12-15,59
2023-12-16,0
2023-12-17,0
2023-12-18,0
2023-12-19,0
2023-12-20,64
2023-12-21,0
2023-12-22,0
2023-12-23,0
2023-12-24,0
2023-12-25,75
2023-12-26,0
2023-12-27,0
2023-12-28,0
2023-12-29,0
2023-12-30,60
2023-12-31,0
2024-01-01,0
2024-01-02,0
2024-01-03,0
2024-01-04,0
2024-01-05,51
2024-01-06,0
2024-01-07,0
2024-01-08,0
2024-01-09,62
2024-01-10,0
2024-01-11,80
2024-01-12,66
2024-01-13,0
2024-01-14,0
2024-01-15,0
2024-01-16,0
2024-01-17,0
2024-01-18,0
2024-01-19,0
2024-01-20,0
2024-01-21,0
2024-01-22,0
2024-01-23,0
2024-01-24,0
2024-01-25,0
2024-01-26,0
2024-01-27,0
2024-01-28,0
2024-01-29,0
2024-01-30,0
2024-01-31,61
2024-02-01,0
2024-02-02,0
2024-02-03,0
2024-02-04,0
2024-02-05,0
2024-02-06,0
2024-02-07,0
2024-02-08,0
2024-02-09,0
2024-02-10,60
2024-02-11,0
2024-02-12,0
2024-02-13,0
2024-02-14,0
2024-02-15,0
2024-02-16,0
2024-02-17,0
2024-02-18,0
2024-02-19,0
2024-02-20,0
2024-02-21,0
2024-02-22,0
2024-02-23,0
2024-02-24,0
2024-02-25,0
2024-02-26,0
2024-02-27,0
2024-02-28,0
2024-02-29,0
2024-03-01,60
2024-03-02,0
2024-03-03,0
2024-03-04,0
2024-03-05,0
2024-03-06,71
2024-03-07,70
2024-03-08,0
2024-03-09,0
2024-03-10,0
2024-03-11,0
2024-03-12,0
2024-03-13,0
2024-03-14,100
2024-03-15,88
2024-03-16,0
2024-03-17,0
2024-03-18,0
2024-03-19,0
2024-03-20,0
2024-03-21,68
2024-03-22,0
2024-03-23,0
2024-03-24,0
2024-03-25,0
2024-03-26,63
2024-03-27,0
2024-03-28,0
2024-03-29,0
2024-03-30,0
2024-03-31,0
2024-04-01,0
2024-04-02,59
2024-04-03,0
2024-04-04,0
2024-04-05,0
2024-04-06,83
2024-04-07,0
2024-04-08,0
2024-04-09,0
2024-04-10,0
2024-04-11,0
2024-04-12,0
2024-04-13,0
2024-04-14,0
2024-04-15,58
2024-04-16,0
2024-04-17,0
2024-04-18,0
2024-04-19,0
2024-04-20,0
2024-04-21,0
2024-04-22,0
2024-04-23,76
2024-04-24,0
2024-04-25,0
2024-04-26,69
2024-04-27,0
2024-04-28,0
2024-04-29,0
2024-04-30,64
2024-05-01,0
2024-05-02,0
2024-05-03,0
2024-05-04,0
2024-05-05,0
2024-05-06,0
2024-05-07,0
2024-05-08,0
2024-05-09,0
2024-05-10,0
2024-05-11,0
2024-05-12,0
2024-05-13,85
2024-05-14,61
2024-05-15,0
2024-05-16,0
2024-05-17,0
2024-05-18,0
2024-05-19,0
2024-05-20,0
2024-05-21,45
2024-05-22,45
2024-05-23,41
2024-05-24,49
2024-05-25,0
2024-05-26,0
2024-05-27,79
2024-05-28,0
2024-05-29,58
2024-05-30,42
2024-05-31,0
2024-06-01,0
2024-06-02,0
2024-06-03,56
2024-06-04,0
2024-06-05,0
2024-06-06,43
2024-06-07,0
2024-06-08,0
2024-06-09,0
2024-06-10,43
2024-06-11,0
2024-06-12,65
2024-06-13,47
2024-06-14,64
2024-06-15,0
2024-06-16,0
2024-06-17,57
2024-06-18,0
2024-06-19,45
2024-06-20,63
2024-06-21,0
2024-06-22,0
2024-06-23,56
2024-06-24,56
2024-06-25,0
2024-06-26,58
2024-06-27,60
2024-06-28,0
2024-06-29,0
2024-06-30,0
2024-07-01,43
2024-07-02,81
2024-07-03,50
2024-07-04,48
2024-07-05,84
2024-07-06,56
2024-07-07,0
2024-07-08,50
2024-07-09,75
2024-07-10,52
2024-07-11,0
2024-07-12,59
2024-07-13,0
2024-07-14,0
2024-07-15,48
2024-07-16,54
2024-07-17,68
2024-07-18,62
2024-07-19,44
2024-07-20,0
2024-07-21,64
2024-07-22,75
2024-07-23,77
2024-07-24,73
2024-07-25,71
2024-07-26,50
2024-07-27,60
2024-07-28,0
2024-07-29,100
2024-07-30,86
2024-07-31,57
2024-08-01,47
2024-08-02,47
2024-08-03,0
2024-08-04,0
2024-08-05,97
2024-08-06,66
2024-08-07,48
2024-08-08,44
2024-08-09,67
2024-08-10,50
2024-08-11,52
2024-08-12,81
2024-08-13,62
2024-08-14,100
2024-08-15,87
2024-08-16,92
2024-08-17,1
2024-08-18,1
2024-08-19,2
2024-08-20,1
2024-08-21,2
2024-08-22,2
2024-08-23,2
2024-08-24,1
2024-08-25,2
2024-08-26,2
2024-08-27,2
2024-08-28,3
2024-08-29,3
2024-08-30,3
2024-08-31,2
2024-09-01,2
2024-09-02,4
2024-09-03,4
2024-09-04,5
2024-09-05,5
2024-09-06,5
2024-09-07,4
2024-09-08,5
2024-09-09,7
2024-09-10,8
2024-09-11,7
2024-09-12,9
2024-09-13,8
2024-09-14,5
2024-09-15,8
2024-09-16,10
2024-09-17,10
2024-09-18,10
2024-09-19,11
2024-09-20,12
2024-09-21,10
2024-09-22,11
2024-09-23,13
2024-09-24,15
2024-09-25,15
2024-09-26,16
2024-09-27,18
2024-09-28,17
2024-09-29,22
2024-09-30,36
2024-10-01,100
2024-10-02,64
2024-10-03,48
2024-10-04,45
2024-10-05,51
2024-10-06,52
2024-10-07,32
2024-10-08,25
2024-10-09,25
2024-10-10,24
2024-10-11,28
2024-10-12,36
2024-10-13,35
2024-10-14,21
2024-10-15,16
2024-10-16,15
2024-10-17,17
2024-10-18,17
2024-10-19,20
2024-10-20,18
2024-10-21,10
2024-10-22,7
2024-10-23,6
2024-10-24,7
2024-10-25,7
2024-10-26,6
2024-10-27,5
2024-10-28,4
2024-10-29,3
2024-10-30,3
2024-10-31,3
2024-11-01,2
2024-11-02,2
2024-11-03,2
2024-11-04,2
2024-11-05,2
2024-11-06,2
2024-11-07,2
2024-11-08,1
2024-11-09,1
2024-11-10,0
2024-11-11,1
2024-11-12,1
2024-11-13,1
2024-11-14,1
2024-11-15,62
2024-11-16,70
2024-11-17,64
2024-11-18,71
2024-11-19,100
2024-11-20,0
2024-11-21,69
2024-11-22,77
2024-11-23,57
2024-11-24,0
2024-11-25,0
2024-11-26,60
2024-11-27,61
2024-11-28,44
2024-11-29,54
2024-11-30,0
2024-12-01,0
2024-12-02,46
2024-12-03,57
2024-12-04,54
2024-12-05,0
2024-12-06,53
2024-12-07,0
2024-12-08,0
2024-12-09,56
2024-12-10,62
2024-12-11,0
2024-12-12,0
2024-12-13,0
2024-12-14,0
2024-12-15,55
2024-12-16,44
2024-12-17,64
2024-12-18,0
2024-12-19,53
2024-12-20,0
2024-12-21,0
2024-12-22,0
2024-12-23,0
2024-12-24,0
2024-12-25,0
2024-12-26,0
2024-12-27,0
2024-12-28,0
2024-12-29,0
2024-12-30,51
2024-12-31,0
2025-01-01,0
2025-01-02,0
2025-01-03,0
2025-01-04,0
2025-01-05,0
2025-01-06,0
2025-01-07,0
2025-01-08,46
2025-01-09,44
2025-01-10,0
2025-01-11,0
2025-01-12,0
2025-01-13,44
2025-01-14,0
2025-01-15,48
2025-01-16,43
2025-01-17,0
2025-01-18,0
2025-01-19,0
2025-01-20,0
2025-01-21,0
2025-01-22,48
2025-01-23,47
2025-01-24,0
2025-01-25,73
2025-01-26,48
2025-01-27,0
2025-01-28,0
2025-01-29,0
2025-01-30,0
2025-01-31,0
2025-02-01,56
2025-02-02,0
2025-02-03,44
2025-02-04,0
2025-02-05,0
2025-02-06,0
2025-02-07,0
2025-02-08,0
2025-02-09,0
2025-02-10,0
2025-02-11,0
2025-02-12,0
2025-02-13,0
2025-02-14,0
2025-02-15,0
2025-02-16,0
2025-02-17,0
2025-02-18,0
2025-02-19,0
2025-02-20,0
2025-02-21,0
2025-02-22,0
2025-02-23,0
2025-02-24,0
2025-02-25,0
2025-02-26,0
2025-02-27,0
2025-02-28,0
2025-03-01,0
2025-03-02,0
2025-03-03,0
2025-03-04,0
2025-03-05,0
2025-03-06,85
2025-03-07,0
2025-03-08,0
2025-03-09,0
2025-03-10,95
2025-03-11,75
2025-03-12,65
2025-03-13,0
2025-03-14,86
2025-03-15,0
2025-03-16,0
2025-03-17,72
2025-03-18,0
2025-03-19,0
2025-03-20,0
2025-03-21,0
2025-03-22,0
2025-03-23,0
2025-03-24,0
2025-03-25,0
2025-03-26,78
2025-03-27,0
2025-03-28,0
2025-03-29,0
2025-03-30,0
2025-03-31,80
2025-04-01,0
2025-04-02,0
2025-04-03,0
2025-04-04,78
2025-04-05,0
2025-04-06,0
2025-04-07,0
2025-04-08,0
2025-04-09,0
2025-04-10,0
2025-04-11,0
2025-04-12,0
2025-04-13,0
2025-04-14,81
2025-04-15,0
2025-04-16,0
2025-04-17,0
2025-04-18,0
2025-04-19,0
2025-04-20,0
2025-04-21,0
2025-04-22,0
2025-04-23,0
2025-04-24,0
2025-04-25,0
2025-04-26,0
2025-04-27,90
2025-04-28,100
2025-04-29,90
2025-04-30,0
2025-05-01,0
2025-05-02,99
2025-05-03,0
2025-05-04,0
2025-05-05,0
2025-05-06,0
2025-05-07,0
2025-05-08,0
2025-05-09,0
2025-05-10,0
2025-05-11,0
2025-05-12,0
2025-05-13,0
2025-05-14,0
2025-05-15,38
2025-05-16,0
2025-05-17,0
2025-05-18,0
2025-05-19,50
2025-05-20,0
2025-05-21,57
2025-05-22,35
2025-05-23,0
2025-05-24,0
2025-05-25,0
2025-05-26,34
2025-05-27,44
2025-05-28,0
2025-05-29,0
2025-05-30,0
2025-05-31,0
2025-06-01,0
2025-06-02,35
2025-06-03,0
2025-06-04,49
2025-06-05,35
2025-06-06,0
2025-06-07,0
2025-06-08,0
2025-06-09,0
2025-06-10,50
2025-06-11,46
2025-06-12,33
2025-06-13,59
2025-06-14,45
2025-06-15,0
2025-06-16,41
2025-06-17,0
2025-06-18,47
2025-06-19,36
2025-06-20,36
2025-06-21,42
2025-06-22,0
2025-06-23,58
2025-06-24,0
2025-06-25,63
2025-06-26,42
2025-06-27,34
2025-06-28,0
2025-06-29,46
2025-06-30,38
2025-07-01,65
2025-07-02,37
2025-07-03,59
2025-07-04,44
2025-07-05,0
2025-07-06,0
2025-07-07,0
2025-07-08,78
2025-07-09,72
2025-07-10,57
2025-07-11,0
2025-07-12,0
2025-07-13,40
2025-07-14,0
2025-07-15,80
2025-07-16,53
2025-07-17,100
2025-07-18,67
2025-07-19,38
2025-07-20,41
2025-07-21,70
2025-07-22,58
2025-07-23,75
2025-07-24,57
2025-07-25,65
2025-07-26,0
2025-07-27,63
2025-07-28,64
2025-07-29,73
2025-07-30,84
2025-07-31,81
2025-08-01,46
2025-08-02,48
2025-08-03,69
2025-08-04,38
2025-08-05,71
2025-08-06,42
2025-08-07,72
2025-08-08,69
2025-08-09,46
2025-08-10,60
2025-08-11,47
2025-08-12,1
2025-08-13,1
2025-08-14,1
2025-08-15,0
2025-08-16,1
2025-08-17,1
2025-08-18,1
2025-08-19,2
2025-08-20,2
2025-08-21,2
2025-08-22,2
2025-08-23,2
2025-08-24,2
2025-08-25,3
2025-08-26,3
2025-08-27,3
2025-08-28,3
2025-08-29,4
2025-08-30,3
2025-08-31,3
2025-09-01,4
2025-09-02,5
2025-09-03,6
2025-09-04,7
2025-09-05,7
2025-09-06,5
2025-09-07,6
2025-09-08,8
2025-09-09,8
2025-09-10,7
2025-09-11,8
2025-09-12,9
2025-09-13,7
2025-09-14,9
2025-09-15,10
2025-09-16,11
2025-09-17,11
2025-09-18,11
2025-09-19,11
2025-09-20,10
2025-09-21,12
2025-09-22,13
2025-09-23,15
2025-09-24,16
2025-09-25,15
2025-09-26,17
2025-09-27,18
2025-09-28,22
2025-09-29,28
2025-09-30,41
2025-10-01,100
2025-10-02,64
2025-10-03,55
2025-10-04,56
2025-10-05,61
2025-10-06,35
2025-10-07,34
2025-10-08,31
2025-10-09,32
2025-10-10,32
2025-10-11,43
2025-10-12,38
2025-10-13,22
2025-10-14,19
2025-10-15,18
2025-10-16,17
2025-10-17,18
2025-10-18,21
2025-10-19,17
2025-10-20,11
2025-10-21,7
2025-10-22,8
2025-10-23,7
2025-10-24,8
2025-10-25,10
2025-10-26,8
2025-10-27,4
2025-10-28,4
2025-10-29,3
2025-10-30,4
2025-10-31,3
2025-11-01,2
2025-11-02,3
2025-11-03,2
2025-11-04,2
2025-11-05,2
2025-11-06,1
2025-11-07,1
2025-11-08,1
2025-11-09,1
2025-11-10,60
2025-11-11,60
2025-11-12,79
2025-11-13,67
2025-11-14,100
2025-11-15,83
2025-11-16,0
2025-11-17,58
2025-11-18,91
2025-11-19,50
2025-11-20,57
2025-11-21,54
2025-11-22,0
2025-11-23,57
2025-11-24,0
2025-11-25,62
2025-11-26,0
2025-11-27,70
2025-11-28,59
2025-11-29,0
2025-11-30,72
2025-12-01,0
2025-12-02,39
2025-12-03,46
2025-12-04,48
2025-12-05,53
2025-12-06,0
2025-12-07,0
2025-12-08,56
2025-12-09,0
2025-12-10,0
2025-12-11,59
2025-12-12,55
2025-12-13,61
2025-12-14,49
2025-12-15,0
2025-12-16,46
2025-12-17,0
2025-12-18,0
2025-12-19,0
2025-12-20,0
2025-12-21,0
2025-12-22,0
2025-12-23,0
2025-12-24,0
2025-12-25,0
2025-12-26,0
2025-12-27,0
2025-12-28,0
2025-12-29,0
2025-12-30,0
2025-12-31,0
2026-01-01,0
