campaign,date,count
Dry January,2015-01-01,246
Dry January,2015-02-01,130
Dry January,2015-03-01,42
Dry January,2015-04-01,14
Dry January,2015-05-01,3
Dry January,2015-06-01,2
Dry January,2015-07-01,5
Dry January,2015-08-01,3
Dry January,2015-09-01,4
Dry January,2015-10-01,22
Dry January,2015-11-01,12
Dry January,2015-12-01,86
Dry January,2016-01-01,386
Dry January,2016-02-01,67
Dry January,2016-03-01,47
Dry January,2016-04-01,25
Dry January,2016-05-01,14
Dry January,2016-06-01,27
Dry January,2016-07-01,14
Dry January,2016-08-01,19
Dry January,2016-09-01,7
Dry January,2016-10-01,7
Dry January,2016-11-01,17
Dry January,2016-12-01,69
Dry January,2017-01-01,487
Dry January,2017-02-01,284
Dry January,2017-03-01,36
Dry January,2017-04-01,5
Dry January,2017-05-01,38
Dry January,2017-06-01,5
Dry January,2017-07-01,5
Dry January,2017-08-01,8
Dry January,2017-09-01,11
Dry January,2017-10-01,10
Dry January,2017-11-01,14
Dry January,2017-12-01,121
Dry January,2018-01-01,1099
Dry January,2018-02-01,218
Dry January,2018-03-01,41
Dry January,2018-04-01,58
Dry January,2018-05-01,24
Dry January,2018-06-01,37
Dry January,2018-07-01,35
Dry January,2018-08-01,41
Dry January,2018-09-01,44
Dry January,2018-10-01,34
Dry January,2018-11-01,25
Dry January,2018-12-01,253
Dry January,2019-01-01,1600
Dry January,2019-02-01,391
Dry January,2019-03-01,88
Dry January,2019-04-01,29
Dry January,2019-05-01,31
Dry January,2019-06-01,62
Dry January,2019-07-01,30
Dry January,2019-08-01,30
Dry January,2019-09-01,119
Dry January,2019-10-01,51
Dry January,2019-11-01,205
Dry January,2019-12-01,549
Dry January,2020-01-01,2457
Dry January,2020-02-01,669
Dry January,2020-03-01,155
Dry January,2020-04-01,73
Dry January,2020-05-01,47
Dry January,2020-06-01,24
Dry January,2020-07-01,28
Dry January,2020-08-01,19
Dry January,2020-09-01,25
Dry January,2020-10-01,49
Dry January,2020-11-01,107
Dry January,2020-12-01,440
Dry January,2021-01-01,3495
Dry January,2021-02-01,503
Dry January,2021-03-01,162
Dry January,2021-04-01,32
Dry January,2021-05-01,26
Dry January,2021-06-01,39
Dry January,2021-07-01,28
Dry January,2021-08-01,36
Dry January,2021-09-01,22
Dry January,2021-10-01,143
Dry January,2021-11-01,28
Dry January,2021-12-01,780
Dry January,2022-01-01,3136
Dry January,2022-02-01,714
Dry January,2022-03-01,147
Dry January,2022-04-01,53
Dry January,2022-05-01,87
Dry January,2022-06-01,54
Dry January,2022-07-01,67
Dry January,2022-08-01,40
Dry January,2022-09-01,52
Dry January,2022-10-01,146
Dry January,2022-11-01,94
Dry January,2022-12-01,642
Dry January,2023-01-01,4591
Dry January,2023-02-01,802
Dry January,2023-03-01,180
Dry January,2023-04-01,76
Dry January,2023-05-01,95
Dry January,2023-06-01,112
Dry January,2023-07-01,187
Dry January,2023-08-01,68
Dry January,2023-09-01,177
Dry January,2023-10-01,70
Dry January,2023-11-01,100
Dry January,2023-12-01,941
Dry January,2024-01-01,3494
Dry January,2024-02-01,747
Dry January,2024-03-01,118
Dry January,2024-04-01,245
Dry January,2024-05-01,86
Dry January,2024-06-01,62
Dry January,2024-07-01,120
Dry January,2024-08-01,63
Dry January,2024-09-01,69
Dry January,2024-10-01,151
Dry January,2024-11-01,123
Dry January,2024-12-01,611
Dry January,2025-01-01,4190
Dry January,2025-02-01,688
Dry January,2025-03-01,202
Dry January,2025-04-01,131
Dry January,2025-05-01,86
Dry January,2025-06-01,50
Dry January,2025-07-01,39
Dry January,2025-08-01,45
Dry January,2025-09-01,52
Dry January,2025-10-01,86
Dry January,2025-11-01,72
Dry January,2025-12-01,621
Mars Bleu,2015-01-01,36
Mars Bleu,2015-02-01,77
Mars Bleu,2015-03-01,143
Mars Bleu,2015-04-01,28
Mars Bleu,2015-05-01,100
Mars Bleu,2015-06-01,55
Mars Bleu,2015-07-01,46
Mars Bleu,2015-08-01,77
Mars Bleu,2015-09-01,53
Mars Bleu,2015-10-01,311
Mars Bleu,2015-11-01,131
Mars Bleu,2015-12-01,38
Mars Bleu,2016-01-01,47
Mars Bleu,2016-02-01,117
Mars Bleu,2016-03-01,153
Mars Bleu,2016-04-01,146
Mars Bleu,2016-05-01,102
Mars Bleu,2016-06-01,54
Mars Bleu,2016-07-01,61
Mars Bleu,2016-08-01,47
Mars Bleu,2016-09-01,91
Mars Bleu,2016-10-01,64
Mars Bleu,2016-11-01,71
Mars Bleu,2016-12-01,62
Mars Bleu,2017-01-01,156
Mars Bleu,2017-02-01,131
Mars Bleu,2017-03-01,248
Mars Bleu,2017-04-01,99
Mars Bleu,2017-05-01,156
Mars Bleu,2017-06-01,148
Mars Bleu,2017-07-01,150
Mars Bleu,2017-08-01,140
Mars Bleu,2017-09-01,89
Mars Bleu,2017-10-01,113
Mars Bleu,2017-11-01,149
Mars Bleu,2017-12-01,83
Mars Bleu,2018-01-01,106
Mars Bleu,2018-02-01,133
Mars Bleu,2018-03-01,312
Mars Bleu,2018-04-01,123
Mars Bleu,2018-05-01,139
Mars Bleu,2018-06-01,105
Mars Bleu,2018-07-01,170
Mars Bleu,2018-08-01,95
Mars Bleu,2018-09-01,81
Mars Bleu,2018-10-01,194
Mars Bleu,2018-11-01,34
Mars Bleu,2018-12-01,78
Mars Bleu,2019-01-01,128
Mars Bleu,2019-02-01,220
Mars Bleu,2019-03-01,309
Mars Bleu,2019-04-01,151
Mars Bleu,2019-05-01,173
Mars Bleu,2019-06-01,114
Mars Bleu,2019-07-01,127
Mars Bleu,2019-08-01,82
Mars Bleu,2019-09-01,127
Mars Bleu,2019-10-01,167
Mars Bleu,2019-11-01,146
Mars Bleu,2019-12-01,93
Mars Bleu,2020-01-01,109
Mars Bleu,2020-02-01,97
Mars Bleu,2020-03-01,155
Mars Bleu,2020-04-01,92
Mars Bleu,2020-05-01,75
Mars Bleu,2020-06-01,106
Mars Bleu,2020-07-01,78
Mars Bleu,2020-08-01,107
Mars Bleu,2020-09-01,163
Mars Bleu,2020-10-01,299
Mars Bleu,2020-11-01,131
Mars Bleu,2020-12-01,160
Mars Bleu,2021-01-01,115
Mars Bleu,2021-02-01,265
Mars Bleu,2021-03-01,260
Mars Bleu,2021-04-01,115
Mars Bleu,2021-05-01,171
Mars Bleu,2021-06-01,177
Mars Bleu,2021-07-01,127
Mars Bleu,2021-08-01,83
Mars Bleu,2021-09-01,162
Mars Bleu,2021-10-01,137
Mars Bleu,2021-11-01,105
Mars Bleu,2021-12-01,121
Mars Bleu,2022-01-01,147
Mars Bleu,2022-02-01,124
Mars Bleu,2022-03-01,292
Mars Bleu,2022-04-01,114
Mars Bleu,2022-05-01,168
Mars Bleu,2022-06-01,298
Mars Bleu,2022-07-01,388
Mars Bleu,2022-08-01,276
Mars Bleu,2022-09-01,348
Mars Bleu,2022-10-01,260
Mars Bleu,2022-11-01,221
Mars Bleu,2022-12-01,163
Mars Bleu,2023-01-01,260
Mars Bleu,2023-02-01,290
Mars Bleu,2023-03-01,580
Mars Bleu,2023-04-01,364
Mars Bleu,2023-05-01,203
Mars Bleu,2023-06-01,155
Mars Bleu,2023-07-01,201
Mars Bleu,2023-08-01,162
Mars Bleu,2023-09-01,144
Mars Bleu,2023-10-01,122
Mars Bleu,2023-11-01,136
Mars Bleu,2023-12-01,99
Mars Bleu,2024-01-01,165
Mars Bleu,2024-02-01,240
Mars Bleu,2024-03-01,441
Mars Bleu,2024-04-01,248
Mars Bleu,2024-05-01,198
Mars Bleu,2024-06-01,199
Mars Bleu,2024-07-01,186
Mars Bleu,2024-08-01,167
Mars Bleu,2024-09-01,165
Mars Bleu,2024-10-01,185
Mars Bleu,2024-11-01,191
Mars Bleu,2024-12-01,153
Mars Bleu,2025-01-01,155
Mars Bleu,2025-02-01,221
Mars Bleu,2025-03-01,534
Mars Bleu,2025-04-01,198
Mars Bleu,2025-05-01,153
Mars Bleu,2025-06-01,163
Mars Bleu,2025-07-01,118
Mars Bleu,2025-08-01,114
Mars Bleu,2025-09-01,213
Mars Bleu,2025-10-01,197
Mars Bleu,2025-11-01,189
Mars Bleu,2025-12-01,111
Movember,2015-01-01,155
Movember,2015-02-01,154
Movember,2015-03-01,121
Movember,2015-04-01,120
Movember,2015-05-01,187
Movember,2015-06-01,102
Movember,2015-07-01,92
Movember,2015-08-01,91
Movember,2015-09-01,141
Movember,2015-10-01,430
Movember,2015-11-01,1515
Movember,2015-12-01,407
Movember,2016-01-01,268
Movember,2016-02-01,315
Movember,2016-03-01,210
Movember,2016-04-01,129
Movember,2016-05-01,146
Movember,2016-06-01,192
Movember,2016-07-01,149
Movember,2016-08-01,423
Movember,2016-09-01,307
Movember,2016-10-01,326
Movember,2016-11-01,1132
Movember,2016-12-01,327
Movember,2017-01-01,233
Movember,2017-02-01,174
Movember,2017-03-01,187
Movember,2017-04-01,182
Movember,2017-05-01,176
Movember,2017-06-01,219
Movember,2017-07-01,199
Movember,2017-08-01,178
Movember,2017-09-01,288
Movember,2017-10-01,348
Movember,2017-11-01,1341
Movember,2017-12-01,443
Movember,2018-01-01,162
Movember,2018-02-01,193
Movember,2018-03-01,247
Movember,2018-04-01,219
Movember,2018-05-01,158
Movember,2018-06-01,181
Movember,2018-07-01,206
Movember,2018-08-01,145
Movember,2018-09-01,115
Movember,2018-10-01,603
Movember,2018-11-01,849
Movember,2018-12-01,407
Movember,2019-01-01,251
Movember,2019-02-01,198
Movember,2019-03-01,197
Movember,2019-04-01,405
Movember,2019-05-01,153
Movember,2019-06-01,250
Movember,2019-07-01,139
Movember,2019-08-01,260
Movember,2019-09-01,360
Movember,2019-10-01,617
Movember,2019-11-01,2194
Movember,2019-12-01,457
Movember,2020-01-01,277
Movember,2020-02-01,294
Movember,2020-03-01,433
Movember,2020-04-01,233
Movember,2020-05-01,214
Movember,2020-06-01,203
Movember,2020-07-01,153
Movember,2020-08-01,152
Movember,2020-09-01,234
Movember,2020-10-01,452
Movember,2020-11-01,1759
Movember,2020-12-01,505
Movember,2021-01-01,323
Movember,2021-02-01,189
Movember,2021-03-01,189
Movember,2021-04-01,162
Movember,2021-05-01,250
Movember,2021-06-01,296
Movember,2021-07-01,210
Movember,2021-08-01,154
Movember,2021-09-01,260
Movember,2021-10-01,422
Movember,2021-11-01,1531
Movember,2021-12-01,404
Movember,2022-01-01,213
Movember,2022-02-01,192
Movember,2022-03-01,161
Movember,2022-04-01,141
Movember,2022-05-01,334
Movember,2022-06-01,311
Movember,2022-07-01,189
Movember,2022-08-01,240
Movember,2022-09-01,250
Movember,2022-10-01,434
Movember,2022-11-01,1784
Movember,2022-12-01,506
Movember,2023-01-01,267
Movember,2023-02-01,309
Movember,2023-03-01,333
Movember,2023-04-01,260
Movember,2023-05-01,302
Movember,2023-06-01,212
Movember,2023-07-01,204
Movember,2023-08-01,188
Movember,2023-09-01,229
Movember,2023-10-01,411
Movember,2023-11-01,4277
Movember,2023-12-01,369
Movember,2024-01-01,190
Movember,2024-02-01,260
Movember,2024-03-01,163
Movember,2024-04-01,229
Movember,2024-05-01,262
Movember,2024-06-01,277
Movember,2024-07-01,203
Movember,2024-08-01,220
Movember,2024-09-01,174
Movember,2024-10-01,362
Movember,2024-11-01,1836
Movember,2024-12-01,298
Movember,2025-01-01,153
Movember,2025-02-01,158
Movember,2025-03-01,135
Movember,2025-04-01,140
Movember,2025-05-01,426
Movember,2025-06-01,171
Movember,2025-07-01,124
Movember,2025-08-01,151
Movember,2025-09-01,183
Movember,2025-10-01,460
Movember,2025-11-01,1519
Movember,2025-12-01,320
Octobre Rose,2015-01-01,232
Octobre Rose,2015-02-01,403
Octobre Rose,2015-03-01,437
Octobre Rose,2015-04-01,231
Octobre Rose,2015-05-01,211
Octobre Rose,2015-06-01,221
Octobre Rose,2015-07-01,159
Octobre Rose,2015-08-01,203
Octobre Rose,2015-09-01,353
Octobre Rose,2015-10-01,1348
Octobre Rose,2015-11-01,432
Octobre Rose,2015-12-01,203
Octobre Rose,2016-01-01,273
Octobre Rose,2016-02-01,321
Octobre Rose,2016-03-01,240
Octobre Rose,2016-04-01,209
Octobre Rose,2016-05-01,236
Octobre Rose,2016-06-01,255
Octobre Rose,2016-07-01,276
Octobre Rose,2016-08-01,247
Octobre Rose,2016-09-01,371
Octobre Rose,2016-10-01,939
Octobre Rose,2016-11-01,310
Octobre Rose,2016-12-01,122
Octobre Rose,2017-01-01,314
Octobre Rose,2017-02-01,537
Octobre Rose,2017-03-01,464
Octobre Rose,2017-04-01,505
Octobre Rose,2017-05-01,441
Octobre Rose,2017-06-01,499
Octobre Rose,2017-07-01,286
Octobre Rose,2017-08-01,295
Octobre Rose,2017-09-01,403
Octobre Rose,2017-10-01,1084
Octobre Rose,2017-11-01,425
Octobre Rose,2017-12-01,381
Octobre Rose,2018-01-01,637
Octobre Rose,2018-02-01,457
Octobre Rose,2018-03-01,574
Octobre Rose,2018-04-01,333
Octobre Rose,2018-05-01,420
Octobre Rose,2018-06-01,761
Octobre Rose,2018-07-01,373
Octobre Rose,2018-08-01,351
Octobre Rose,2018-09-01,382
Octobre Rose,2018-10-01,1200
Octobre Rose,2018-11-01,177
Octobre Rose,2018-12-01,319
Octobre Rose,2019-01-01,330
Octobre Rose,2019-02-01,671
Octobre Rose,2019-03-01,504
Octobre Rose,2019-04-01,1380
Octobre Rose,2019-05-01,480
Octobre Rose,2019-06-01,524
Octobre Rose,2019-07-01,451
Octobre Rose,2019-08-01,377
Octobre Rose,2019-09-01,964
Octobre Rose,2019-10-01,2515
Octobre Rose,2019-11-01,624
Octobre Rose,2019-12-01,484
Octobre Rose,2020-01-01,524
Octobre Rose,2020-02-01,579
Octobre Rose,2020-03-01,378
Octobre Rose,2020-04-01,250
Octobre Rose,2020-05-01,257
Octobre Rose,2020-06-01,282
Octobre Rose,2020-07-01,295
Octobre Rose,2020-08-01,357
Octobre Rose,2020-09-01,544
Octobre Rose,2020-10-01,1863
Octobre Rose,2020-11-01,561
Octobre Rose,2020-12-01,354
Octobre Rose,2021-01-01,360
Octobre Rose,2021-02-01,501
Octobre Rose,2021-03-01,411
Octobre Rose,2021-04-01,255
Octobre Rose,2021-05-01,285
Octobre Rose,2021-06-01,421
Octobre Rose,2021-07-01,352
Octobre Rose,2021-08-01,261
Octobre Rose,2021-09-01,836
Octobre Rose,2021-10-01,2910
Octobre Rose,2021-11-01,682
Octobre Rose,2021-12-01,306
Octobre Rose,2022-01-01,340
Octobre Rose,2022-02-01,450
Octobre Rose,2022-03-01,461
Octobre Rose,2022-04-01,365
Octobre Rose,2022-05-01,423
Octobre Rose,2022-06-01,485
Octobre Rose,2022-07-01,281
Octobre Rose,2022-08-01,551
Octobre Rose,2022-09-01,1083
Octobre Rose,2022-10-01,4359
Octobre Rose,2022-11-01,1060
Octobre Rose,2022-12-01,490
Octobre Rose,2023-01-01,600
Octobre Rose,2023-02-01,560
Octobre Rose,2023-03-01,996
Octobre Rose,2023-04-01,451
Octobre Rose,2023-05-01,450
Octobre Rose,2023-06-01,603
Octobre Rose,2023-07-01,1226
Octobre Rose,2023-08-01,592
Octobre Rose,2023-09-01,1058
Octobre Rose,2023-10-01,2907
Octobre Rose,2023-11-01,791
Octobre Rose,2023-12-01,362
Octobre Rose,2024-01-01,644
Octobre Rose,2024-02-01,484
Octobre Rose,2024-03-01,606
Octobre Rose,2024-04-01,405
Octobre Rose,2024-05-01,525
Octobre Rose,2024-06-01,490
Octobre Rose,2024-07-01,617
Octobre Rose,2024-08-01,310
Octobre Rose,2024-09-01,820
Octobre Rose,2024-10-01,3540
Octobre Rose,2024-11-01,779
Octobre Rose,2024-12-01,456
Octobre Rose,2025-01-01,662
Octobre Rose,2025-02-01,529
Octobre Rose,2025-03-01,459
Octobre Rose,2025-04-01,419
Octobre Rose,2025-05-01,373
Octobre Rose,2025-06-01,444
Octobre Rose,2025-07-01,303
Octobre Rose,2025-08-01,295
Octobre Rose,2025-09-01,784
Octobre Rose,2025-10-01,3092
Octobre Rose,2025-11-01,870
Octobre Rose,2025-12-01,626
